User,Link,full link
Ali-Sama,http://amzn.com/w/2ZCUBM2WM9JZQ,https://www.amazon.com/gp/registry/wishlist/2ZCUBM2WM9JZQ/ref=cm_sw_su_w
Rysona,http://amzn.com/w/2AOCVWCB8FPZF,https://www.amazon.com/gp/registry/wishlist/2AOCVWCB8FPZF/ref=cm_sw_su_w
G0ATLY,http://smile.amazon.com/registry/wishlist/3RB612SKWEQZI,http://smile.amazon.com/registry/wishlist/3RB612SKWEQZI
dancemasterv,http://a.co/5xAfzvI,https://www.amazon.com/hz/wishlist/ls/2JKVVXPH26WAU?type=wishlist&filter=unpurchased&sort=priority
chunkopunk,http://amzn.com/w/1Z4QEA0MGEXBU,https://www.amazon.com/hz/wishlist/ls/1Z4QEA0MGEXBU?type=wishlist&sort=priority
Browntizzle,http://www.amazon.com/gp/registry/wishlist/1OPF0YZXTZWG2,http://www.amazon.com/gp/registry/wishlist/1OPF0YZXTZWG2
rockinDS24,http://amzn.com/w/C5VAIHFA63ZL,https://www.amazon.com/gp/registry/wishlist/C5VAIHFA63ZL/ref=cm_sw_su_w
rsgamg,http://amzn.com/w/1U2M1IAQ10TGF,https://www.amazon.com/gp/registry/wishlist/1U2M1IAQ10TGF/ref=cm_sw_su_w
82364,http://smile.amazon.com/registry/wishlist/2O9L2BWM0KQXG,http://smile.amazon.com/registry/wishlist/2O9L2BWM0KQXG
RyanOver9000,http://amzn.com/w/2PJ6IQ7FI16Q7,https://www.amazon.com/hz/wishlist/ls/VN651OSN670R?type=wishlist&sort=priority
L_Cranston_Shadow,http://amzn.com/w/3EDZWDX7PIKUY,https://www.amazon.com/gp/registry/wishlist/3EDZWDX7PIKUY/ref=cm_sw_su_w
neuromorph,http://amzn.com/w/3BG5TUT2RCNKD,https://www.amazon.com/gp/registry/wishlist/3BG5TUT2RCNKD/ref=cm_sw_su_w
havechanged,http://a.co/fi6iEVW,https://smile.amazon.com/registry/wishlist/6BAUKBW815YJ/ref=cm_sw_r_cp_ep_ws_jmxEybW2D452A
TAPorter,http://www.amazon.com/registry/wishlist/JMEAC1027XEI,https://www.amazon.com/registry/wishlist/JMEAC1027XEI
cj151695,http://amzn.com/w/2DCSWI9FYJGSO,https://www.amazon.com/gp/registry/wishlist/2DCSWI9FYJGSO/ref=cm_sw_su_w
NibbleFish,http://a.co/8N2seTw,https://www.amazon.ca/registry/wishlist/2ETJJGZB3PS1L/ref=cm_sw_r_cp_ep_ws_yTDQybX96TT1V
ninja_nicci,http://amzn.com/w/1XLSTZNRTRYD9,https://www.amazon.ca/registry/wishlist/2ETJJGZB3PS1L/ref=cm_sw_r_cp_ep_ws_yTDQybX96TT1V
ShiroiMana,http://amzn.com/w/3IHVB0PFXCMTC,https://www.amazon.com/gp/registry/wishlist/3IHVB0PFXCMTC/ref=cm_sw_su_w
mitsimac,http://amzn.com/w/1BN4NCHQVAV64,https://www.amazon.com/gp/registry/wishlist/1BN4NCHQVAV64/ref=cm_sw_su_w
FirstLadyOfBeer,http://amzn.com/w/7RQFVEH13XL,https://www.amazon.com/gp/registry/wishlist/7RQFVEH13XL/ref=cm_sw_su_w
imscreamingrightnow,http://amzn.com/w/2UBKOMI1DFW9K,https://www.amazon.com/gp/registry/wishlist/2UBKOMI1DFW9K/ref=cm_sw_su_w
whiteandyellow,http://www.amazon.co.uk/gp/registry/wishlist/N3P0N8N5PPEN,http://www.amazon.co.uk/gp/registry/wishlist/N3P0N8N5PPEN
Balaguru_BR5,http://amzn.in/26OUDUv,https://www.amazon.in/registry/wishlist/3C64JDYF3E9YU/ref=cm_sw_r_cp_ep_ws_zGpFyb6MSJ74M
kanooka,http://a.co/031XbZY,https://www.amazon.com/registry/wishlist/1LV2U8WYC421S/ref=cm_sw_r_cp_ep_ws_gKivyb3DXNTEF
ScarlettMaeBottom,http://a.co/0ZSUkLe,https://www.amazon.com/registry/wishlist/6ULNWP2BX0M4/ref=cm_sw_r_cp_ep_ws_irDpyb0BWSSP9
Jacewoop23,http://a.co/8ekhCf3,https://www.amazon.com/registry/wishlist/1WMXDZV8E7SGM/ref=cm_sw_r_cp_ep_ws_OmvvybEXMC6PX
t-minus5tosexy,http://a.co/fDF1RgV,https://www.amazon.ca/registry/wishlist/1UJWQI6X7AXZF/ref=cm_sw_r_cp_ep_ws_nMXSybH3Y9WNN
MagicMistoffelees,http://a.co/4oxFpbb,https://www.amazon.com/registry/wishlist/17HUGLYYTQXTR/ref=cm_sw_r_cp_ep_ws_r6JYyb255B3BQ
Allybama,http://amzn.com/w/36S2E89LUN6JP,https://www.amazon.com/registry/wishlist/17HUGLYYTQXTR/ref=as_li_ss_tl?ie=UTF8&linkCode=ll2&tag=reddittwin-20&linkId=371cd78afe21353b0d3e7af82cdf1916
PapaRomeoAlpha,http://a.co/8UJSDQB,https://www.amazon.com/registry/wishlist/26W60784OW1QW/ref=cm_sw_r_cp_ep_ws_RtwzybYYEZ9CX
spilledbeans,http://a.co/9Ed8Dhp,https://www.amazon.com/registry/wishlist/2R5MT2XP9NVCE/ref=cm_sw_r_cp_ep_ws_Z7nozbEBXFHBF
nddragoon,http://a.co/3TYS0Ae,https://www.amazon.com.mx/registry/wishlist/XNCF9ETF78LJ/ref=cm_sw_r_cp_ep_ws_NalkzbWNJDJV3
ProbableErorr,http://a.co/gI1ComE,https://www.amazon.com/registry/wishlist/3N3TVU1NFFCTE/ref=cm_sw_r_cp_ep_ws_tgukzb0KC51DG
lcarosella,http://a.co/ixr1F7j,https://www.amazon.com/registry/wishlist/LC5PZPC6NI46/ref=cm_sw_r_cp_ep_ws_x2qmzbZY1M5CS
theregoesmyeye,http://a.co/6fT9T7i,https://www.amazon.com/registry/wishlist/1OHO5ETWKIFXE/ref=cm_sw_r_cp_ep_ws_cTgnzb77EZV6K
discojaxx,http://a.co/28SXUbE,https://www.amazon.com/registry/wishlist/2QR46QNA3C911/ref=cm_sw_r_cp_ep_ws_sSZrzbEXVEYMP
Rayn_the_hunter,http://a.co/8BpEqjq,https://www.amazon.com/registry/wishlist/3R7UFZP1QHWPT/ref=cm_sw_r_cp_ep_ws_SNwtzbNCVM1VR
Envy_The_Jealous,http://a.co/af7GOkj,https://www.amazon.com/registry/wishlist/2437BE19CRNV8/ref=cm_sw_r_cp_ep_ws_BPMtzbFF4F5PD
TrocheeCity,http://a.co/2Za3hZw,https://smile.amazon.com/registry/wishlist/1FAGXX797Y6HM/ref=cm_sw_r_cp_ep_ws_IWqxzbZPTSMEP
Bucket4Life,http://a.co/gPbf68v,https://www.amazon.com/registry/wishlist/3JNFFX77JZW18/ref=cm_sw_r_cp_ep_ws_7mIyzbSCXRNVX
ruphuselderbeer,http://a.co/0tGXG7Q,https://www.amazon.com/registry/wishlist/3JNFFX77JZW18/ref=cm_sw_r_cp_ep_ws_7mIyzbSCXRNVX
Enovara,http://a.co/52t0wOr,https://www.amazon.com/registry/wishlist/1L86YSK9RRW19/ref=cm_sw_r_cp_ep_ws_hmdyzbK9R44Q6
SEQU0IA,http://a.co/85mTWyl,https://www.amazon.com/registry/wishlist/C1BIL4CHXXEL/ref=cm_sw_r_cp_ep_ws_buBozbWHJC6CA
LittleMizPixie,http://a.co/b5z9aTp,https://www.amazon.com/registry/wishlist/F19ANETSNMVY/ref=cm_sw_r_cp_ep_ws_7ffzzbAM05ZXC
spacesleep,http://a.co/695nC5e,https://www.amazon.com/registry/wishlist/3OF59QLRF0OR9/ref=cm_sw_r_cp_ep_ws_m6pzzbAD2C34M
EriSeguchi,http://a.co/6HT3biF,https://www.amazon.com/registry/wishlist/1QX50BNCO1BKB/ref=cm_sw_r_cp_ep_ws_rYyzzb568B1J1
kurosaba,http://a.co/g9vNEi7,https://www.amazon.com/registry/wishlist/2V35YNCIRLVO8/ref=cm_sw_r_cp_ep_ws_dmEwyb5CTPH2Y
Sp3cia1K,http://a.co/5qAMekL,https://www.amazon.com/registry/wishlist/N44M127MKFMW/ref=cm_sw_r_cp_ep_ws_75aMybG8AR0G8
MMAPhreak21,http://smile.amazon.com/registry/wishlist/4FM132F3JI15,http://smile.amazon.com/registry/wishlist/4FM132F3JI15
SailoLee,http://smile.amazon.com/registry/wishlist/1FNSZVTBO2R9Z,http://smile.amazon.com/registry/wishlist/1FNSZVTBO2R9Z
Sieberella,http://smile.amazon.com/registry/wishlist/3DFI0SU4KPBC1,http://smile.amazon.com/registry/wishlist/3DFI0SU4KPBC1
GrtNPwrfulOz,http://amzn.com/w/1VA8THUTZ08UN,
kirklazaurs87,http://amzn.com/w/1ISRW5FWLTVOH,
rarelyserious,http://amzn.com/w/2K8UJWDJ5WKDM,
giggidywarlock,http://amzn.com/w/2DI74ENVN0D46,
hello-everything,http://a.co/fNfRxNS,
TwistedEnigma,http://amzn.com/w/4RLCGHH3R8R4,
watsoned,http://smile.amazon.com/registry/wishlist/1P0WLUX7HZM88,
SukiTheGoat,http://www.amazon.co.uk/registry/wishlist/2U35IXJR8SC5B,
MCubb,http://amzn.com/w/24HPJ2X6N6OIA,
neongreenpurple,http://a.co/aluTMKG,
mewfasa,http://amzn.com/w/38JSY5S39THR,
mattidallama,http://amzn.com/w/10ACTZRLYKR0S,
burke_no_sleeps,http://amzn.com/w/1XDSI990DM3N9,
Headcall,http://amzn.com/w/2AK8LUFAXTSAB,
paradoxikal,http://amzn.com/w/I2KSQ5BPABD4,
MKandtheforce,http://smile.amazon.com/registry/wishlist/36WKBRGVMGAQM,
SirRipo,http://smile.amazon.com/registry/wishlist/1GURZDPSHVOUT,
Rubenick,http://www.amazon.co.uk/registry/wishlist/1FB1L6KLUE76K,
wee-pixie,http://amzn.eu/6FNWUy0,
saratonin84,http://smile.amazon.com/registry/wishlist/JM0QIJ2KSSA3,
EdenSB,http://www.amazon.co.uk/registry/wishlist/2O5MJVAP6TZ9W,
Girfex,http://amzn.com/w/4MEQJPL4NGDQ,
windurr,http://www.amazon.ca/registry/wishlist/2GQ5DMT8ALR2N,
s2xtreme4u,http://amzn.com/w/LBK9NGK5W7RH,
dragonflyjen,http://amzn.com/w/Z1XQX5PX5KGW,
HeadlessBob17,http://amzn.com/w/254CT1IX3W781,
krispykremedonuts,http://amzn.com/w/1Z3ZEVDDAG86R,
legotech,http://amzn.com/w/2D9M7R8IXF3RQ,
Akeleie,http://www.amazon.co.uk/registry/wishlist/RW7SFVANVHU1,
glanmiregirl,http://amazon.ca/registry/wishlist/2S6J83VSNGAAF,
BuffHagen,http://amzn.com/w/2K012YNMKR658,
thatbossguy,http://amzn.com/w/3061100HN5795,
Matronix,http://amzn.com/w/18PYLX3EYM8JR,
GhostOfTheNet,http://smile.amazon.com/gp/registry/wishlist/2W0VNN41RRZQV,
Brenhines,http://www.amazon.co.uk/registry/wishlist/W3GJLUX3DF86,
teatimeoclock,http://amzn.com/w/1KY1IBTDZ22Y1,
kayleighh,http://amzn.com/w/Z0IK7FQUGJ3G,
xX_Justin_Xx,http://amzn.com/w/35R0GSXNZ4DZH,
Ajs1004,http://www.amazon.com/registry/wishlist/3F8B1UZ6PH4PM/,
RCJhawk,http://amzn.com/w/1RHXK5WTLB9HG,
ItsACharlieDay,http://amzn.com/w/APGQ87UPN614,
OfMonstersAndSuicide,http://amzn.com/w/3K5T2J6W36LX1,
angelninja,http://smile.amazon.com/gp/registry/wishlist/2DWTQ952A4BQJ/ref=t,
Roehok,http://amzn.com/w/3KS8J0XOXQVK3,
cupcakegiraffe,http://amzn.com/w/1CDKZG1SW94NY,
Kibure,http://www.amazon.com/registry/wishlist/17ZHOEDL2VXI6/ref=cm_sw,
LeftMySoulAtHome,http://smile.amazon.com/registry/wishlist/16R639Q25DJWA,
paintnwood,http://amzn.com/w/2CMFTDHQK67OG,
lobstahfi,http://www.amazon.ca/registry/wishlist/2BWODPMK7LRS,
origami_rock,http://smile.amazon.com/registry/wishlist/1V1E193J87M98/ref=cm_,
natalietoday,http://amzn.com/w/WSG3S92MFQ85,
OverlyApologeticGuy,http://smile.amazon.com/registry/wishlist/35DXSKOUVN3HU,
Chaela,http://amzn.com/w/UZOH5FXRCQWZ,
bethydolla,http://www.amazon.co.uk/registry/wishlist/G1DJNILGP182,
Ereshkigal234,http://amzn.com/w/XDOR72XLGTD1,
drzedwordhunter,http://amzn.com/w/19V4BNZOPILGY,
hannaHananaB,http://smile.amazon.com/registry/wishlist/FZPKPF1UA5L,
ebooksgirl,http://amzn.com/w/31W3XEWDOSTPU,
0hfuck,http://smile.amazon.com/registry/wishlist/2CTN32HUI02BH,
LaLocaChristina,http://a.co/aHKb6b9,
homeallday,http://amzn.com/w/3KKMHFGV4Q5PZ,
3dmesh,http://amzn.com/w/16LP9A7M6GLF,
theCaitiff,http://www.amzn.com/w/2ATLAL7KLNFJT,
Coffin_Nail,http://amzn.com/w/2YNSJZK7QZ2U7,
SphynxKitty,http://www.amazon.com/gp/registry/wishlist/2W2YOTUZ8I98E,
sylvar,http://amzn.com/w/1FZTD6X951U3E,
Candroth,http://smile.amazon.com/registry/wishlist/3DHWOKXHO8EQ8,
OptomisticOcelot,http://amzn.com/w/3KKVHJ9L3M7G4,
cthylla,http://amzn.com/w/2C78NTP904AWN,
effeduphealer,http://smile.amazon.com/gp/registry/wishlist/1T7NH2YDPIC6G/ref=,
Liies,http://amzn.com/w/2MIVAINFS45CL,
ichosethis,http://www.amazon.com/gp/registry/wishlist/1VH03XY2NG2FX/ref=top,
EmergencyPizza,http://amzn.com/w/1COQNWVXNQ6VT,
aimeenew,http://amzn.com/w/3QY2QXW01A5ZL,
stutterbutt,http://smile.amazon.com/registry/wishlist/2VR2ENBBXT3PM,
ApeOver,http://amzn.com/w/14KEOOD2CKYSQ,
timelady84,http://smile.amazon.com/registry/wishlist/SAPDPZ1M3TR0,
trisarahdactyl,http://a.co/cf03mOT,
KittenAnne,http://smile.amazon.com/registry/wishlist/3NTT9Z4XLXPDC,
Nemesis0320,http://amzn.com/w/1Q60LWO1AJKXI,
travelersoul,http://amzn.com/w/1XHVEUQBMKM3R,
draconorge,http://amzn.com/w/3SWQVBGCZVJKK,
MsRocky,http://amzn.com/w/WOWH8GAPYNDA,
DiscoKittie,http://www.amzn.com/w/138OFT33TGV21/,
angel92591,http://amzn.com/w/2V81T2Z0HEP3E,
R3bel_R3bel,http://www.amazon.co.uk/registry/wishlist/3FS6X4XLXQW6M,
Dee_Doubleyew_TTT,http://amzn.com/w/3H0Y0NZ883INO,
Junigole,http://a.co/acXu1C0,
hellooolady,http://amzn.com/w/27MT192KU0WK5,
titchard,http://www.amazon.co.uk/registry/wishlist/31AZNPXQEP6GU,
Shercock_Holmes,http://smile.amazon.com/registry/wishlist/1C7SZKIEO9JJA,
book_worm526,http://smile.amazon.com/registry/wishlist/HD4RBPQA0P3X,
themusicliveson,http://a.co/cXdjyj7,
writerlib,http://smile.amazon.com/registry/wishlist/3MYDMZOB9N37X,
Janiichan,http://www.amazon.com/registry/wishlist/1DYQLFIR50PEB,
UnBornPorn,http://amzn.com/w/2Z9VBKFACIGFG,
nijoli,http://www.amazon.com/gp/registry/wishlist/2IMNX3M2ADUN1,
DoodlesAndSuch,http://amzn.com/w/1AQL2YGJHW22L,
imsamsam,http://a.co/df83PQK,
Sneekyninja,http://amzn.com/w/XZBOPVLB77JZ,
browneyedgirl79,http://smile.amazon.com/registry/wishlist/1X7YO8I32R7BP,
MoonPrisimPower,http://amzn.com/w/3TMY24ZBMY4G8,
DrUsual,http://amzn.com/w/211DB264CH78C,
ink1026,http://smile.amazon.com/registry/wishlist/16HJV12Q8OL45,
dapamico,http://smile.amazon.com/registry/wishlist/2OU9KY8UCWWO0,
melumebelle,http://amzn.com/w/3NO2BX4IZMDAV,
earthsick,http://amzn.com/w/29UA4W5L7XGWS,
MisterJimJim,http://amzn.com/w/DQAGDHMDLTMX,
dnd1980,http://amzn.com/w/1NHIRYDBRJXVV,
TheRubyRedPirate,http://smile.amazon.com/registry/wishlist/2X9R05L6FQLO6,
SardonicKiller,http://amzn.com/w/3IOGY7GQZPHCT,
kramdiw,http://amzn.com/w/2YZJAQ11NX2GS,
wirette,http://www.amazon.co.uk/registry/wishlist/30C3F9YYTZHCJ/ref=cm_s,
ThatGilbertKid,http://a.co/1HXBKhm,
zzddjj,http://amzn.com/w/SO4VWT81WSWM,
cinnabubbles,http://amzn.com/w/LV2QN9UX7R2,
digitalyss,http://a.co/c4dLCi4,
charlimonster,http://amzn.com/w/1TAJ9NL2SKNQ6,
RumpleAndBelle,http://smile.amazon.com/registry/wishlist/3CKZ18PTORGOU,
Aerys1,http://smile.amazon.com/registry/wishlist/PLQ80JRPHN8U,
SinnerOfAttention,http://amzn.com/w/2KUTLCRI6AB42,
doublestop23,http://smile.amazon.com/registry/wishlist/297XX50KERYHX,
LizziPizzo,http://amzn.com/w/13IGPCR4AUTEV,
Thesmy,http://www.amazon.co.uk/registry/wishlist/3COFBGWUMFVTI,
Gedrean,http://amzn.com/w/2DGP3VJHJVSGY,
Fr_Time,http://smile.amazon.com/registry/wishlist/3JXK1OT4041CR,
kleinePfoten,http://amzn.com/w/1ZCLMXETSBXGB,
lilsting10,http://www.amazon.co.uk/registry/wishlist/311C667WV4V8X/ref=cm_w,
polkadotsunday,http://amzn.com/w/HX5QA98ZYGKC,
morelove,http://www.amazon.ca/registry/wishlist/222ET6O01ARUO,
ununpentium89,http://www.amazon.co.uk/registry/wishlist/315SEHNB0H4LP,
GarbaGarba,http://amzn.com/w/320FWG1EO6Y3R,
poweredbyanxiety,http://amzn.com/w/2JWEMKCIR7MH0,
browniebiznatch,http://a.co/5TWJkmC,
ArtsyKitty,http://a.co/7ruSL1k,
smeuchel,http://amzn.com/w/27EX4ITPU4BBO,
ajschuit,http://amzn.com/w/28SVU5VITQSUD,
thegivinggirl,http://smile.amazon.com/registry/wishlist/3I4GGHUW5A7SL,
shazie13,http://smile.amazon.com/registry/wishlist/3A4FBIQEAHQMB,
PrincessMau,http://amzn.com/w/3COZV3UONYSDB,
huto,http://amzn.com/w/30XU4M4PPCF6N,
SparklyDarkUnicorn,http://amzn.com/w/3TN5URYYBE7FJ,
CelticMara,http://amzn.com/w/3F7V5UDKFLX6G,
AlySedai,http://amzn.com/w/F3E47HM28W8R,
greenrob,http://amzn.com/w/193L9Q3XMAARY,
chynncarmen,http://amzn.com/w/3RLUSXKMQD1VM,
Blaidd_Drwg87,http://amazon.com/registry/wishlist/2DFFV5YAQCD7H,
lonewolf13313,http://amzn.com/w/3KZUFO9SFOZU4,
Zygsy,http://amzn.com/w/2M8VDNV7215ZC,
DarkOctober,http://amzn.com/w/3GP0DLUD0M6DY,
SteampunkButterfly,http://smile.amazon.com/registry/wishlist/10MMC2HU4X6JR,
ModernPrometheus0729,http://amzn.com/w/2TO408LL5V6YG,
GenieHakeem,http://www.amazon.com/registry/wishlist/EUOJ7P94MOTW,
vinuash,http://amzn.com/w/2YW6GUBF6O5K1,
ocelot777,http://amzn.com/w/C3JAWKP19QI8,
shadowdra126,http://amzn.com/w/37SZMW8BZJIM5,
UEH,http://amzn.com/w/1K0Y37PLRR0MO,
Smile_for_the_Camera,http://smile.amazon.com/registry/wishlist/OB6BOCT9I1SQ,
lemonylimey,http://amzn.com/w/3N80EYVV6IY72,
thomaspayne25,http://amzn.com/w/234HF8FOF8YEL,
Challis2070,http://smile.amazon.com/registry/wishlist/3FCSR2GP0TMRP,
KristinOhh,http://smile.amazon.com/wishlist/2H7NPHQ6RKINM,
rockyhorrorgerri,http://www.amazon.com/gp/registry/wishlist/3Q1A5YISJXBCX,
pancakeman157,http://amzn.com/w/4XVJNNO3N81,
ScoliOsys,http://amzn.com/w/3URRWGK5GO4RT,
AuntChiladas,http://amzn.com/w/186Q2QWC2CPPO,
KunSeii,http://amzn.com/w/15HJ7AQ6LB0D8,
Adeno,http://amzn.com/w/38TNJNEQW4REH,
Kelandry,http://amzn.com/w/21EJY9Q8MUZYV,
EmmaBourbon,http://a.co/aQPuS8z,
carissalf,http://smile.amazon.com/registry/wishlist/2C2OIZJLDERQJ,
BarelyOriginal,http://amzn.com/w/3HUOLB3E7G559,
swirly023,http://www.amazon.co.uk/registry/wishlist/29U88D8AYD59Q,
linktm,http://amzn.com/w/1LTV3817EX97Z,
Melium,http://amzn.com/w/YXWU6F55KERG,
happiness0101,http://www.amazon.ca/registry/wishlist/17K6ACBOEV9MJ/ref=cm_sw_,
mynthe,http://smile.amazon.com/registry/wishlist/18NPRO490I62N,
freedlvry,http://amzn.com/w/2N6EA33EP0QN0,
colette0101,http://amzn.eu/4qnnzci,
scethao,http://www.amazon.co.uk/registry/wishlist/IWXRZVTS2ZAM/ref=cm_s,
Jakisparrow,http://amzn.com/w/2P1YAYB0KXDZV,
shaynoodle,http://amzn.com/w/2J8443178MTZW,
drkatherine1,http://amzn.com/w/GXX48AR8UJLP,
naunum,http://amzn.com/w/7UB23AATALW4,
chargingfungus,http://www.amazon.co.uk/registry/wishlist/1G2JK7R9IWVGN,
HondaGirlMN,http://smile.amazon.com/registry/wishlist/15YFVGGE3DLZH,
SirNyan,http://amzn.com/w/26ZGH7GEIF30K,
MacabreChaos,http://amzn.com/w/1EZ5SNEA0ZGI9,
kaijujube,http://amzn.com/w/3H5I08LZRYHAL,
CaptainCoral,http://amzn.com/w/33CX1KTGWER2Y,
WeAreLegionWeAreMany,http://www.amazon.co.uk/registry/wishlist/2UEKU5NP29ECQ,
idris_in_a_box,http://amzn.com/w/RL8CVM5VA7Z0,
whocaresyo,http://smile.amazon.com/registry/wishlist/269OT8XHVBC08,
SgtCheesepuffs,http://amzn.com/w/2TYFOEIJ9M2YF,
HamsterFarm,http://smile.amazon.com/registry/wishlist/35UOUL74ZNZP0,
briv,http://amzn.com/w/GBVKCVXC6V1D,
madsbrain,http://amzn.com/w/3Q945RGT7P089,
NiceGirlSyndrome,http://smile.amazon.com/registry/wishlist/10XNGEHQ9IJU3,
xandirs,http://amzn.com/w/1SC8DGOAWFBWH,
imisscrazylenny,http://smile.amazon.com/registry/wishlist/35CR2T3600L2E,
SamuraiDDD,http://amzn.com/w/2DE8CPWYKTC3J,
chiodos,http://www.amazon.ca/registry/wishlist/2HK1G54HVDXX7,
SilverCosmos,http://amzn.com/w/32ES255E6WS53,
catinadress,http://smile.amazon.com/registry/wishlist/3N4HJ86C5RLR,
supertweak54,http://amzn.com/w/2R77WQ6XPM9TX,
NeurotoxicNihilist,http://amzn.com/w/3NAYIT1XZVHVG,
MuscleMansMum,http://www.amazon.co.uk/registry/wishlist/1FJ2ABX25AFI6/ref=cm_,
redwinedrunk,http://smile.amazon.com/registry/wishlist/19MQA7J2VBJ5U,
BrandonCarlson,http://amzn.com/w/BZ4KGS76TTA1,
Cellophane_Girl,http://smile.amazon.com/registry/wishlist/31VF50O9LFOKH,
robertsinpants2,http://www.amazon.com/gp/registry/wishlist/1STSD9VKO8GYH/,
pancakesandhyrup,http://amzn.com/w/2POBQWEO0NSIF,
ptrix,http://www.amazon.ca/registry/wishlist/24ZF7DLQRI3Y,
ThorButhocks,http://www.amazon.co.uk/registry/wishlist/2TO5ZFCJ0VT77,
perilouspixie,http://amzn.co.uk/wishlist/32DF11Y3J0OKF,
gracefulwing,http://amzn.com/w/2VKM7EDZ9YBUL,
relkosh,http://www.amazon.co.uk/registry/wishlist/2OK5F2WKF5WWO,
imaplatypuswithwings,http://smile.amazon.com/registry/wishlist/3QT7SBOV8WATS,
Raewynrh,http://smile.amazon.com/registry/wishlist/292ESKACJC9RV,
bderenzi,http://a.co/0MtmuuB,
obeythegiant,http://amzn.com/w/1HVALG9OGWYUB,
RoseHearth,http://amzn.com/w/101CNYZAEH51X,
NotDescriptive,http://smile.amazon.com/registry/wishlist/1074W5C0DJVB4,
jskoker,http://smile.amazon.com/registry/wishlist/J9TSTA0X3WE0,
kris10leigh,http://smile.amazon.com/registry/wishlist/100AW8TVQY2K6,
martinibini,http://a.co/5typUl7,
iTiffany,http://www.amazon.com/gp/registry/wishlist/2Y8BVDM0CM5JV/ref=cm,
xaitox,http://amzn.com/w/2L2LWDYH5O6QC,
dichra,http://www.amazon.ca/registry/wishlist/1WGKVLJ19ML1E,
AKFlyingFish,http://amzn.com/w/14SXK3UG9Y1OT,
ChimpTang,http://smile.amazon.com/gp/registry/wishlist/1Z03NCE50T2JK,
ottiecat,http://amzn.com/w/395G28NKGEGMW,
nomscookies,http://smile.amazon.com/registry/wishlist/3H4F0A4NERIR5,
FlailStorm,http://smile.amazon.com/registry/wishlist/CMPPSW7OOXCK,
bicyclegeek,http://smile.amazon.com/registry/wishlist/P1S2WBIIA9QC,
darth_advocate,http://smile.amazon.com/registry/wishlist/1NJ4P7F7IEA7O,
OMFGJimbo,http://amzn.com/w/38MP04SXTMOAK,
Take42,http://smile.amazon.com/registry/wishlist/JVA0R1PIN1QP,
fembecca,http://smile.amazon.com/gp/registry/wishlist/392CBYVMKGHF6/ref=,
cwf82,http://amzn.com/w/14Y2AZU1QD1R0,
not-gonna-tell,http://smile.amazon.com/registry/wishlist/G8JWI5I21I79,
AReluctantRedditor,http://amzn.com/w/117L8LZGXMB68,
bludart,http://smile.amazon.com/registry/wishlist/5DIZKWU420K3,
ladyboss_1,http://smile.amazon.com/registry/wishlist/2GP40DBTTKE0,
neverlandishome,http://smile.amazon.com/gp/registry/wishlist/2N9MDEBFAW9NG/ref=t,
suzerz,http://smile.amazon.com/registry/wishlist/1CEK58TG0M00G,
Doctor-Kitten,http://smile.amazon.com/registry/wishlist/1BJI31RA1XRCN,
Iphotoshopincats,http://amzn.com/w/VO4NMDORRSIF,
dustinquickfire,http://smile.amazon.com/registry/wishlist/313M1D1PU3BAZ,
Logic_85,http://amzn.com/w/FSGMB164R21M,
mmb1117,http://smile.amazon.com/registry/wishlist/20WLGWVAXT1VS,
cj1990,http://smile.amazon.com/registry/wishlist/3CMH54U79B2A1,
kittyportals2,http://a.co/d9cCbwU,
OOmama,http://smile.amazon.com/registry/wishlist/2OBSFOX8ZXEY1,
iammooseAMA,http://a.co/1ryJXxL,
Doc_LaVoy,http://amzn.com/w/1MB9B5ATTNMLM,
InkedLeo,http://amzn.com/w/2I6S95ANEFBDC,
angeltre,http://www.amazon.com/registry/wishlist/2H4FLVYGYD31D/ref=cm_s,
Punkcherri,http://amzn.com/w/247669LK6081M,
Hollowlife6,http://smile.amazon.com/gp/registry/wishlist/1IWBT18YNIHNA/ref=,
teddydragonbear,http://smile.amazon.com/gp/registry/wishlist/15Y0WN9RSTKD5/,
quitelike,http://a.co/goH9ouI,
gotafewqs,http://amzn.com/w/297V8ML889AAR,
jenni5,http://amzn.com/w/3BXLYR83R8BA1,
SatansUterus,http://amzn.com/w/3DK4DUEHOUSQ1,
MrZissman,http://amzn.com/w/3IKVY9YVPM9ZE,
swallowtails,http://amzn.com/w/6DOXGP14E6CM,
GreatCatch,http://smile.amazon.com/gp/registry/wishlist/1TBB70B7SN5EK/,
sarskatt,http://www.amazon.com/registry/wishlist/284QV44FVCUBM,
FaeryLynne,http://smile.amazon.com/gp/registry/wishlist/3J787IRPYICY7/,
Kneecoleelaine,http://www.amazon.com/registry/wishlist/2UKJ81S0J4RUW,
whynot1991,http://www.amazon.com/gp/registry/wishlist/2GAADDZSW8Z80/ref=cm_,
pinkfluffs,http://a.co/16Xl7L0,
Fnerb,http://amzn.com/w/2DFCRK372AB7U,
runslow,http://smile.amazon.com/registry/wishlist/DNU3RPVGSMTZ,
LadyDarkKitten,http://amzn.com/w/1Y6Q64WOV9WT8,
rubydoobiedooooo,http://amzn.com/w/BNASK32EDCUP,
LadyOops,http://smile.amazon.com/registry/wishlist/JRHQY0IN9YOS,
codismycopilot,http://amzn.com/w/YMSZB1G5VGXH.,
EskimoPrincess,http://a.co/dcH3QAp,
crinnie,http://smile.amazon.com/registry/wishlist/6WOA35VM1E4L,
Catainia,http://a.co/1rYjp49,
Veronidge,http://smile.amazon.com/gp/registry/wishlist/2FQWIB6SBGOEC,
Occulus2057,http://amzn.com/w/2JX2BN2C8S0HR,
Aeoles,http://amzn.com/w/21K688WCGAPVQ,
budgiebum,http://smile.amazon.com/registry/wishlist/2NBO98Y2L6AFX,
Usernameisntthatlong,http://www.amazon.ca/gp/registry/wishlist/16P88FU1801C,
ImpossibleKintsugi,http://amzn.com/w/2I8ZJ5I84HS57,
Chexytime,http://amzn.com/w/35QHR6RDZEL2W,
Benisar,http://amzn.com/w/1VFAKFK1B193S,
Derparita,http://a.co/0izhBTW,
hihelloneighboroonie,http://amzn.com/w/1JA46EPVWPGZE,
Jedi_Tinmf,http://smile.amazon.com/registry/wishlist/2QHS7FUPJ2CON,
Paralily,http://smile.amazon.com/registry/wishlist/224Q7Q8B5V3KX,
TheBestThatNeverWas,http://amzn.com/w/8HIL5736F3J4,
kurokitsune91,http://smile.amazon.com/registry/wishlist/22O3SOCF0LXAS,
RavensAlehouse,http://a.co/aA3hzSy,
Meat_tricycle,http://www.amazon.com/gp/registry/wishlist/XS8Z66EXL2F1/ref=cm_w,
NinjaRabbitHamilton,http://smile.amazon.com/registry/wishlist/198G1CZR31UKS,
SafariZoned_,http://smile.amazon.com/gp/registry/wishlist/Q7OSRYNH10JK,
shiky556,http://amzn.com/w/UY7XE60O66QG,
ZombieKilgore,http://amzn.com/w/3RANKU3N1AUB6,
KratzALot,http://amzn.com/w/2O6JZSFMYSBWA,
BomNomNom,http://amzn.com/w/1EIWDRZ35NPEU,
littlebean5ft,http://smile.amazon.com/gp/registry/wishlist/32ESIBM0LZ7FZ/ref=,
tanyeehou87,http://amzn.com/w/1FM39OML2FPUU,
areraswen,http://smile.amazon.com/registry/wishlist/1617F7HGVNNH3,
capslion,http://amzn.com/w/TELZUZE27NE1,
geological-tech,http://www.amazon.ca/registry/wishlist/3VOO1LWYP5YUM,
ohhemma,http://smile.amazon.com/registry/wishlist/22FM45Y82IUB,
mindscribes,http://amzn.com/w/26F6M934KWOR8,
SirSteve_,http://www.amazon.co.uk/registry/wishlist/1NVB406MP2AUY,
susieeQT,http://www.amazon.com/registry/wishlist/CE6N3H285PK,
S103793,http://amzn.com/w/2OP7PJTF75MEB,
beclyn,http://amzn.com/w/2A8JXAPUWU2ZP,
jprata,http://amzn.com/w/3ONE8NRX6WXPD,
loukin,http://amzn.com/w/2HBCHTHJ7JDXL,
paross,http://amzn.com/w/1ESGG6OC43MOW,
Lyd_Euh,http://smile.amazon.com/registry/wishlist/2NFOXB88D9AJB,
EscapeArtistic,http://amzn.com/w/10UWIW8JGSZTD,
freakishkittie,http://amzn.com/w/1ZDBDN5GV93AG,
skalafurey,http://a.co/iiZmeGo,
mdhh99,http://smile.amazon.com/gp/registry/wishlist/23C0KH9ZK7QLJ/ref=t,
bogmansaha,http://www.amazon.de/registry/wishlist/2QKEC0STI7AYF,
MangaMaven,http://amzn.com/w/9ECO6102LMWB,
ElfinPrincessMarlene,http://smile.amazon.com/registry/wishlist/1DAPY4FXHZ58E,
Pi_Maker,http://a.co/5x49g9j,
Nataliex90,http://a.co/hrfft5d,
stopeatingthechalk,http://smile.amazon.com/registry/wishlist/GS5T8I70V1NI,
huskeyeskimo,http://smile.amazon.com/registry/wishlist/1T8ZK0WDGCI0A,
hidden_intuition,http://amzn.com/w/2U9SFSFNCXG77,
Poet1959,http://amzn.com/w/3NM07Q412FP20,
jassykangaroo,http://amzn.com/w/33KCAV60530JE,
SailorPixie,http://smile.amazon.com/gp/registry/wishlist/1UJMNNRIEHMYS/ref=,
rwturner,http://smile.amazon.com/registry/wishlist/2B5J3K38NXD9V,
scarwiz,http://www.amazon.fr/registry/wishlist/20U5UV6H1PKXG,
IamanIT,http://amzn.com/w/279MIYWDIE877,
Belskirnir_,http://www.amazon.co.uk/registry/wishlist/I7BRJF66NU8C,
reinvented,http://smile.amazon.com/registry/wishlist/IOQXS8FPR3KV,
concurthecity,http://amzn.com/w/EP155NMMFNDM,
Ryegan,http://amzn.com/w/2BDMPDHHH2YK8,
Aisakura7,http://a.co/cvTNLEW,
WeathersRabbits,http://a.co/5gMSHgw,
8bitmadness,http://amzn.com/w/1GMXTF1IT7C52,
rosebert,http://ok!)smile.amazon.com/gp/registry/wishlist/2NBQ4GWJ0RHC8,
AlbusGrumbledore,http://amzn.com/w/38XUQPPT57HSU,
Jaz_Allen,http://www.amazon.co.uk/registry/wishlist/1N4EZ069ONK1I,
nanabeams,http://a.co/6Gyhljg,
brezofleur,http://amzn.com/w/15M8MEAOD9LC6,
Lady815,http://www.amazon.co.uk/registry/wishlist/14U448JJS8O3I,
Gogohax,http://smile.amazon.com/registry/wishlist/2R31H6W7FVLH6,
in_omniaparatus,http://amzn.com/w/2L18FGI81C93G,
declared_somnium,http://www.amazon.co.uk/registry/wishlist/2482UDQMZUJN2,
krisymkk,http://amzn.com/w/3P1M0VCCZ3E5V,
jfavre,http://amzn.com/w/162PMYLXX8RJM,
idunnoshutup,http://smile.amazon.com/registry/wishlist/293GS7975Q45L,
originofbeauty,http://smile.amazon.com/registry/wishlist/2G6QBMY3Z4RRY,
LemonMeringueOctopi,http://www.amazon.com/registry/wishlist/3ODKWCREZOBF,
trashboy,http://amzn.com/w/15N55HWMXAFAF,
shadowbox86,http://smile.amazon.com/registry/wishlist/7MJSLUY02EQV,
7heDaniel,http://www.amazon.co.uk/registry/wishlist/158IHTME2L62U,
beddersox,http://amzn.com/w/1H6W1CPIPKQGY,
melini,http://www.amazon.ca/registry/wishlist/2HDOQXCW2EA05,
blazon_paradox,http://smile.amazon.com/registry/wishlist/1KB7D0PI3DSMX,
askignquestions,http://amzn.com/w/1SYSQROE0N3VJ,
sami93,http://www.amazon.co.uk/registry/wishlist/2UZGTDKG10TML,
JLG22,http://smile.amazon.com/registry/wishlist/1ZPZ936LSK33T/ref=cm_s,
gnuTwo,http://a.co/0jenDKI,
chef_weenie,http://amzn.com/w/2T4B5T5G3MCOK,
klinch3R,http://www.amazon.de/registry/wishlist/3EHW27C7AP1JB,
thehostilehobo,http://smile.amazon.com/registry/wishlist/36REDQB480FL6,
Idontknowflycasual,http://smile.amazon.com/registry/wishlist/3SG96H41YGWA8,
seriouslyjessie,http://smile.amazon.com/registry/wishlist/E1HNKE6KTD9K,
PigeonFace,http://www.amazon.ca/registry/wishlist/275RBUHFO3CEB,
CylentShadow,http://amzn.com/w/1HSUCBQPCZUAJ,
laterdayze,http://smile.amazon.com/registry/wishlist/3RMH09FLP10GD,
DivineDimSum,http://www.amazon.co.uk/registry/wishlist/3NZ7UKKY6USUP,
toxic_kitten,http://a.co/41ONwaD,
Gainesy88,http://smile.amazon.com/registry/wishlist/10YVY8AKKY3EL,
PatrickJamesYu,http://amzn.com/w/1UTHXE56C7DR,
Renaki0586,http://amzn.com/w/VA64ML6T3M0H,
c0delikeagirl,http://amzn.com/w/P537YS3MPGV3,
GoldenTimeHero,http://amzn.com/w/8ZOFX4BA4UI7,
AffenMitWaffen,http://amzn.com/w/2JJ94BIQJECYX,
sammy0415,http://smile.amazon.com/gp/registry/wishlist/2G153XCSXIAPL/ref=c,
Gwyn07,http://a.co/aBDXEm4,
HalNicci,http://smile.amazon.com/registry/wishlist/223DY9XKBR4WU,
uhlex28,http://a.co/2AR2B9T,
Christypaints,http://smile.amazon.com/registry/wishlist/1NS3KYGS4ZG0W,
Thatfoxylady,http://amzn.com/w/39MTNEQSDILUC,
doctor_robocop,http://amzn.com/w/3DK4WLZJ169Y0,
amber8705b,http://www.amazon.com/gp/registry/wishlist/1KQ371SZX2YFK/ref=cm,
tydestra,http://www.amazon.co.uk/registry/wishlist/EJBKJ1T5VND9,
Melvarkie,http://www.amazon.co.uk/registry/wishlist/19E9HXV3F6WYY,
Celt42,http://smile.amazon.com/gp/registry/wishlist/3EETTYESTYQ8W/ref=,
happybabo,http://smile.amazon.com/registry/wishlist/OWB7UUDP1YCU,
hippo-party,http://www.amazon.ca/registry/wishlist/1HBVEGJYL0WVI,
RESPEKTOR,http://amzn.com/w/2V23NHBK3JICV,
challistwin,http://amzn.com/w/VG564ZIFKQ4I,
nessi_saltares,http://a.co/eueOEuX,
Princess_Panic,http://amzn.com/w/20AD8UUMH0PJH,
cutekick,http://smile.amazon.com/registry/wishlist/MQFJFHQJILXU,
Bubbles_the_Titan,http://www.amazon.com/registry/wishlist/1B01A8VGXBB0B,
TalisNightshade,http://amzn.com/w/FMUJE0OIJIKM,
iWishToBeAdoctor,http://smile.amazon.com/registry/wishlist/127AU5IA81XHZ,
girlfran69,http://www.amazon.ca/registry/wishlist/18Q35HT92TVBY,
damenleeturks,http://amzn.com/w/1N6FWFFRIT023,
jessaloo,http://a.co/2WwnbV1,
TurnOfFraise,http://amzn.com/w/2VGLYS4P3ZNJ5,
Torisuta,http://a.co/cH7rwPh,
amoz2k12,http://smile.amazon.com/registry/wishlist/332121UEHWAN1,
Yakko27,http://www.amazon.com/gp/registry/wishlist/2F75HY038S910/,
Mukaksi,http://amzn.com/w/3KQ23819LF8W0,
CollatrlDamage,http://smile.amazon.com/registry/wishlist/10OT3T5N2Q5DY,
Frogblaster77,http://a.co/2Pmz7vj,
AlphaHooker,http://a.co/cdoVsqD,
CCV21,http://a.co/ddERvjb,
huge_ox,http://www.amazon.co.uk/registry/wishlist/2487QE5WKTD3H/ref=cm_,
Synikull,http://smile.amazon.com/gp/registry/wishlist/TTICRIVOU8FS,
AnguisetteAntha,http://smile.amazon.com/registry/wishlist/14MLF4WNTW4R4,
mskalak,http://smile.amazon.com/registry/wishlist/3H4BZNET2W15O,
annaleiia,http://smile.amazon.com/registry/wishlist/MM47JCYGPZNE,
Legion991,http://amzn.com/w/2EU4UCIFT4AS3,
lollialice,http://smile.amazon.com/registry/wishlist/2VHT6PRZPR8LY,
Beelazyy,http://amzn.com/w/35MCWXHTIZ14H,
duckingcluttered,http://smile.amazon.com/gp/registry/wishlist/359PB91NCVQL8,
katier127,http://smile.amazon.com/registry/wishlist/1FNRI3HS6MKFF,
Jonesxj,http://a.co/atlfSQu,
bettyellen,http://amzn.com/w/BJ5A8DHL4AKG,
The_Ky_Guy,http://amzn.com/w/25EXNN6MKXF6S,
slaytebastardes,http://smile.amazon.com/registry/wishlist/H9Y6HYPJPYUX,
UnicornBomber,http://smile.amazon.com/registry/wishlist/2Z7JL8SB49QYM,
maybeawolf,http://amzn.com/w/3RC7A7P1Y74BP,
DrayKitty1331,http://amzn.com/w/234ZN0CX3FESK,
acwellen,http://amzn.com/w/22E1SNBH9WT1V,
Iappreciatecats,http://www.amazon.com/gp/registry/wishlist/2NB38HOZO6ZRG,
clorissareed,http://amzn.com/w/1F2ITHVUHAWJE,
Morthy,http://amazon.de/registry/wishlist/3SV4W086W8CY,
CatfishJunkie,http://www.amazon.co.uk/registry/wishlist/98U9TNNYD3QW,
Floppycakes,http://amzn.com/w/16Y2UGJOJT5CT,
SinisterPyromaniac,http://www.amzn.co.uk/wishlist/2E3OUC0LSEXSD,
Ty0005,http://amzn.com/w/111K520DLE0E5,
therealsix,http://amzn.com/w/3RD5TX9XP73RR,
PoopOnMyBum,http://www.amazon.ca/registry/wishlist/JHTJNVWD1KSD,
zombiexmuffinx,http://amzn.com/w/3U228GI88VDC4,
TyrawrD,http://amzn.com/w/11T052IGQPZBP,
CanadianHo,http://a.co/6tOkZ8B,
bntyhntrqueen,http://smile.amazon.com/registry/wishlist/14TS17AG2V0BL,
yegwebdev,http://www.amazon.ca/registry/wishlist/1P4OHCTDI4VHQ,
RobJob130,http://amzn.com/w/P5G5NVP4IVYD,
pinkbabyspice,http://amzn.com/w/4SPBEC6T5D4F,
Echo94,http://smile.amazon.com/registry/wishlist/3KJFGA16X55VG,
liebehass,http://amzn.com/w/U0UP7OJ6ODBE,
argirl09,http://amzn.com/w/3ADZLI13QPODV,
hatedheadspace,http://amzn.com/w/BFX119C50ZGB,
MistakenLoner,http://amzn.com/w/2YPP23BSJ5MCP,
Spear585,http://www.amazon.com/registry/wishlist/17E70ND2FQBUA,
Awkward-Octopus,http://a.co/hmuXcK7,
Rhomra,http://smile.amazon.com/registry/wishlist/31WSFUEQQP8L6,
nostableisotopes,http://a.co/gP2tTTi,
Winter-Stardust,http://amzn.com/w/3FATBRKLNVY8J,
WhiteLaceTank,http://amzn.com/w/3T7LXK9A9DIH0,
scupy42,http://amzn.com/w/3LRPXDFCSA5KG,
Roxchic,http://amzn.com/w/3BIA9IB0Z7BO,
punchyourbuns,http://www.amazon.ca/registry/wishlist/1Q4K7IRBPYJ0U,
rougerogue-,http://amzn.com/w/2R4QSOLOWV82H,
ShisaDog,http://amzn.to/2fGCKTJ,
plebian-seppuku,http://amzn.com/w/2MO3HVTO3KYHE,
chobette,http://www.amazon.com/registry/wishlist/3VOKYOJEU5CPQ/ref=cm_sw_,
dogfacedpajamas,http://smile.amazon.com/registry/wishlist/3OZ61VJMR3J66,
pigeonchase,http://amzn.com/w/37RQ3HCFSVNSM,
illestprodigy,http://www.amazon.com/gp/aw/ls/?ie=UTF8&amp;lid=15WJS6OMAS3RI,
Shell058,http://amzn.com/w/2MQG8UO8AF77U,
S16_Drummer,http://a.co/ggOG3zN,
NXVX,http://amzn.com/w/3H1NWSBFWUC7G,
Dark_Saint,http://www.amazon.ca/registry/wishlist/U4LP2WLSA10J,
Jaymakk13,http://amzn.com/w/38KGIE0S9JI1V,
MadcapGhost,http://amzn.com/w/1UN9MVEXAD123,
skelezombie,http://www.amazon.ca/gp/registry/wishlist/16AFIYHDZY132/ref=cm_,
Sushiki,http://www.amazon.co.uk/registry/wishlist/23G8HJW7WH14J,
GiddyGiraffes,http://www.amazon.co.uk/registry/wishlist/31FC8XXPTOAVW,
frytanya,http://amzn.com/w/35DA67VTCCX,
Vap-n-ape,http://a.co/6KncpNk,
Perizade,http://smile.amazon.com/registry/wishlist/2ZPKUOG0JE9G8,
hannfrank,http://amzn.com/w/3EQIPIN3S9BIP,
shadowshea,http://amzn.com/w/2OAQQZ9NLFPE9,
pr_kitkat,http://a.co/60msu56,
innocentdemand,http://amzn.com/w/TW59D7Y1U45X,
BooeyBrown,http://amzn.com/w/33CSFKGXM3CKR,
vxcosmicowl,http://smile.amazon.com/registry/wishlist/12R8IYJ72JX1L,
USS_Turtle,http://smile.amazon.com/registry/wishlist/2XB4VR1A0FEC7,
missjulia928,http://smile.amazon.com/registry/wishlist/2ZI2P2PJW48RA,
IAreHelen,http://amzn.com/w/243EMNDKI9S0P,
kyriya,http://smile.amazon.com/registry/wishlist/2L3QOK0JL8MKJ,
WhattheNorris,http://a.co/aEEk7en,
rethenut,http://amzn.com/w/11PRQ979YTP9Q,
shirleex,http://www.amazon.ca/registry/wishlist/CL9RRZPPMXQ2,
LiliedHart,http://amzn.com/w/G57ZASPL9NMG,
SkullZ0MBIE,http://www.amazon.com/gp/registry/wishlist/3UIJ10T7MDQM7/ref=cm,
ChilledButter13,http://smile.amazon.com/registry/wishlist/1J2FL2IXO0ZSQ,
bgcamroux,http://www.amazon.ca/registry/wishlist/3802N96X6ZSBW,
itisarainbow,http://amzn.com/w/1KKW2DHBZ6QAF,
gravijin,http://amzn.com/w/2VQI3JPNZ9B7A,
boardingtheplane,http://amzn.com/w/14SUJN0GHW4N,
nacho_cheezus,http://a.co/bgXGwQZ,
TracieV42,http://amzn.com/w/40NB01UFSE7L,
Xeropoint,http://amzn.com/w/2MWRUPPZ234WN,
sinyth,http://www.amazon.ca/gp/registry/wishlist/1YALE3QG56E2J/ref=cm_,
Hollyingrd6,http://amzn.com/w/2C6ABQ23Y0TP7,
hugehair,http://amzn.com/w/2FFJNK4E8C1GX,
nagese,http://smile.amazon.com/registry/wishlist/20J6N5IS29V10,
galaxyminstrels,http://www.amazon.co.uk/registry/wishlist/1F03MXVW194AG,
cassiopeia1280,http://smile.amazon.com/gp/registry/wishlist/7ZGLQNIUL509/ref=c,
ohai_megan,http://amzn.com/w/VHJJGVTHSF0Z,
xsevenx7x,http://amzn.com/w/37LBDUM81YP9Y,
SullenArtist,http://amzn.com/w/6WGZ39CM58ZH,
blisstake,http://www.amazon.com/gp/aw/ls/?ie=UTF8&amp;lid=MJISWJN7XKRX,
AssassinsHubby07,http://amzn.com/w/240FDP473HEUN,
Frykitty,http://amzn.com/w/1SZCJ2Y7O5Y0R,
summerofsin,http://smile.amazon.com/registry/wishlist/ARQ38P96MF4H,
Molecularx,http://smile.amazon.com/registry/wishlist/2JXJDW79VR311,
HellsSapper,http://amzn.com/w/6GPFYJU09MB4,
KingOfBongoz,http://amzn.com/w/JA99SF5I7M42,
Pkumbre,http://www.amazon.de/gp/registry/ref=cm_reg_rd-upd?ie=UTF8&amp;id=B,
SerenadingSiren,http://amzn.com/w/1SLJHBOUM7Z0A,
mrsmorton,http://amzn.com/w/33NOH36JK2KW5,
liimitless,http://amzn.com/w/DL4ZXQ53JGFU,
vwaexperiance,http://amzn.com/w/3IJKGYD29OH5I,
theBR0WNone,http://a.co/d4VtROU,
blessedbe,http://a.co/erORL8l,
applemint,http://amzn.com/w/1F27WL3PEGE8P,
Zosma822,http://smile.amazon.com/registry/wishlist/1C8VEI7SHHFC5/ref=cm_w,
RubyRed_DiamondWhite,http://amzn.com/w/26T8VTJZVZ0A1,
give-em-hell-kid,http://amzn.com/w/3JV9E1EURBKK9,
sunnypreposition,http://a.co/dRdPjWd,
MsChrissikins,http://amzn.com/w/31ZAAJBH8PYQZ,
jessxdallas,http://smile.amazon.com/registry/wishlist/2O7FNF6ZWAZ6R,
Odoyl-Rules,http://amzn.com/w/Y831RSDNAURH,
TheNASAguy,http://www.amazon.in/registry/wishlist/34XKDX7IUMMNP,
girlfromthebasement,http://amzn.com/w/2ALRYEVA81U0F,
kruegersar,http://amzn.com/w/19ZIJPQHE55F7,
Banjophooee,http://amzn.com/w/2Y5LINFKYRPNU,
AlyKitKat,http://smile.amazon.com/gp/registry/wishlist/2LYEX1D1WLT9G/ref=,
Moonstrucken,http://smile.amazon.com/gp/registry/wishlist/360EF61H6VTRR/ref=,
spacemonkey86,http://smile.amazon.com/registry/wishlist/346KJWJVGOX8O,
BabyMonkeyOnPig,http://amzn.com/w/1QKLV5EOEOJRZ,
Temmon,http://amzn.com/w/1XVV9ULBYUQZB,
Saviour19,http://www.amazon.co.uk/gp/registry/wishlist/334J8I5EFBKQW/ref=,
ImNoland,http://amzn.com/w/29ZWNE7OYRINJ,
dennycee,http://amzn.com/w/36PR7BGF191FY,
boardmonkey,http://amzn.com/w/2PN4TDZQACE7V,
sslowswimmer,http://www.amazon.com/gp/registry/wishlist/5J4JECCGY786/,
AdolfJongUn,http://smile.amazon.com/registry/wishlist/15UX64J52XAW0,
chipotleplease,http://smile.amazon.com/registry/wishlist/1MBCNZ2KFZ6OJ,
angelinaxballerina,http://amzn.com/w/393E4EXOTIM2I,
feral_hippie,http://amzn.com/w/2EZF0KXAG0QIL,
halfkender,http://amzn.com/w/3RV8VLH1Z1ZJK,
littlenymphy,http://www.amazon.co.uk/registry/wishlist/3VBX0GYSHKZ0C,
The_Real_Kuji,http://amzn.com/w/11Z1OP12VYMTO,
Rosertot,http://www.amazon.com/registry/wishlist/ZGIIEYC7JMGH,
Mandrake158,http://smile.amazon.com/registry/wishlist/2DBE00CKOA84C,
d3photo,http://amzn.com/w/6YW189CF9WOK,
Ole_frank,http://smile.amazon.com/registry/wishlist/26B1CDT845PDN,
levislegend,http://ttps://amzn.com/w/2EB7P7PTB50V4,
Kinky99,http://smile.amazon.com/registry/wishlist/1I8G1EMJ5VBNO,
Stufak,http://www.amazon.com/gp/registry/wishlist/2VVC9B431AIOW/ref=cm,
TheTrueHighScore,http://amzn.com/w/1EENFNJ2NO87,
foxy704,http://amzn.com/w/35CF0PNMIHKWH,
lovensnow,http://amzn.com/w/1H0RYSJOHUJ7T,
uhh_tina_uhh,http://www.amazon.in/registry/wishlist/24FOR877C04LT,
tanny24,http://amzn.com/w/4UJ784KAUYQD,
miratorazh,http://amzn.com/w/2S04FOHCTPH1U,
atomic_winter,http://www.amazon.co.uk/gp/registry/wishlist/3C7LXOLBRZ7NC,
teenaamariee,http://www.amazon.com/gp/registry/wishlist/JQ9TEAM7O8P8/ref=cm_,
LoverOLife,http://smile.amazon.com/gp/registry/wishlist/CKYQEEV76GC9/ref=c,
Ryanestrasz,http://www.amazon.com/gp/registry/wishlist/3HK971AXU9D34/ref=cm,
OisinS,http://amzn.com/w/2LMDEAR92V0X2,
theonewiththetits,http://a.co/bhXWfF9,
Resurrected123,http://amzn.com/w/30K75QLNQK44I,
cimbrag90,http://www.amazon.com/gp/registry/wishlist/1BVJNP3MPAP1D/ref=na,
Makovu,http://amzn.com/w/1NWAD54KS4S8M,
Nex_renegade,http://smile.amazon.com/gp/registry/wishlist/3RD58104W3U01/ref=,
LauraMiggs,http://amzn.com/w/18AN99PU0ESH6,
happywalks,http://amzn.com/w/17FOSWPJLCGFN,
LorraineRenee,http://a.co/5EggVTo,
Sconniebuffalo,http://amzn.com/w/59XPMNI1C39Q,
Chunksmommy,http://www.amazon.com/gp/registry/wishlist/1OUB46VWPGP0B,
cxbu,http://amzn.com/w/3J7LIJC34B3MS,
Porcelain_princess89,http://smile.amazon.com/gp/aw/ls/?ie=UTF8&amp;lid=37LXTBQUTO486,
MichiganCubbie,http://amzn.com/w/2WDA7AEUT4U27,
maikeloco,http://amzn.com/w/VXAU94I3QHD9,
tabletopgames,http://www.amazon.com/gp/registry/wishlist/ZTO0710QJHHV,
greeneyedbaby190,http://www.amazon.com/registry/wishlist/1NNS4W7QCY54,
AvSheba,http://amzn.com/w/1CPFXGD4XB2MQ,
shypagesniffer,http://www.amazon.com/registry/wishlist/11U8BWQO041MO/ref=cm_sw,
juicemagic,http://amzn.com/w/1PY1GMDDKOH77,
bananahan11,http://amzn.com/w/1MA1LEXX0CYGZ,
unicorndanceparty,http://a.co/70lhVRL,
1newuser,http://amzn.com/w/2DDETYLRZYRTL,
UnicornPlus,http://smile.amazon.com/gp/registry/wishlist/2GH61F2RIO7YD/ref=,
berrycpie,http://smile.amazon.com/registry/wishlist/2FJM629MNART4,
adamp814,http://smile.amazon.com/registry/wishlist/2WJK8P9O732R3,
dordidoo,http://smile.amazon.com/registry/wishlist/3T5E58O35JHIE,
Anairdna,http://a.co/4WaF1Yn,
zebragrrl,http://a.co/0xlNX64,
BlindLifePilot,http://a.co/azFCaRm,
CherryRiot,http://a.co/dUyICbU,
fesnying,http://smile.amazon.com/gp/registry/wishlist/3JIX0HPGU1K1X,
Ninja-Pineapples,http://smile.amazon.com/gp/registry/wishlist/38EECLLQGUQXL/ref=,
MissBananaBeak,http://smile.amazon.com/registry/wishlist/MTAL4ZHYYZM4,
brainpatte,http://amzn.com/w/1E3REEKTTG6DI,
Menemnesa51,http://amzn.com/w/2CZZ9NVX1DV8T,
rumpie,http://amzn.com/w/1L2IWCMCLUVYJ,
NuclearSky,http://smile.amazon.com/registry/wishlist/281KXC486PLUA,
Krw71815,http://amzn.com/w/34OI75ZS25RRG,
DefinetlyNotEoin,http://amzn.to/2gF5Xlx,
lovekataralove,http://amzn.to/2dPqZiy,
MegaEpicThunder,http://www.amazon.co.uk/registry/wishlist/1ZA3QPBOAWFRT,
writeandknow,http://a.co/3U1JsD7,
thegirlinpajamas,http://a.co/fE52Si9,
GoJebs,http://amzn.com/w/BRYO2V2EE8CQ,
PrincessTinyheart,http://a.co/0diLUFk,
darkfang013,http://www.amazon.com/registry/wishlist/2EJVKYP5PAMFT,
badgirlrelapse,http://smile.amazon.com/gp/registry/wishlist/3J4PCNKIZMK8U/ref=,
spicycanadian,http://www.amazon.ca/gp/registry/wishlist/2SFKBF81F9UGL/ref=cm_,
LionOfMyth,http://amzn.com/w/14U3PZLMPH91K,
GingerAy,http://amzn.com/w/J9STEUYXO67E,
Lightsong-The-Bold,http://www.amazon.com/registry/wishlist/1R8NQTJ5P6NK8/ref=cm_sw,
AnnaDominii,http://amzn.com/w/CQYHP02IFKYN,
divarealness,http://a.co/2X6fMs0,
Andrespaco15,http://amzn.com/w/1IEJJZ8GWDRLY,
TroyMcClureJr,http://amzn.com/w/3IU1D8YDYAI3R,
calvbore,http://www.amazon.ca/registry/wishlist/2CEQUBELSEEKC,
noey92r,http://amzn.com/w/2XX01LDCTOPII,
brittany16691,http://amzn.com/w/3TC7AEJHVKS6I,
cheshire_cat_99,http://www.amazon.com/registry/wishlist/1PXCQ0GC1Y74H,
featherstones,http://a.co/82mXcZa,
enroutetodonuts,http://amzn.com/w/15A35LN353Q4,
ConfusionIntensifies,http://amzn.com/w/284WS2GFQZ0CC,
justinebronson,http://www.amazon.com/gp/registry/wishlist/JQV9ULH9KEI2/ref=cm_,
serephia,http://smile.amazon.com/registry/wishlist/25IHAWZJ9ZWY9,
PM_ME_LEGAL_PAPERS,http://www.amazon.com/gp/registry/wishlist/NSDWRLI0OVN9/ref=cm_,
fondofowls,http://amzn.com/w/253UED95PPD82,
AmIaMuppet,http://smile.amazon.com/registry/wishlist/1QQKKYNBEF2LW,
valuemenu26,http://amzn.com/w/1XQS8Y96XCTY7,
PlanetaryUnicorn,http://smile.amazon.com/registry/wishlist/8SPI3CPLT0GT,
oswin13,http://amzn.com/w/1B3U65Z85QHRL,
Ir0nhide,http://www.amazon.ca/registry/wishlist/34OOJSM9VZNNC,
NervyFox,http://amzn.eu/eQlMwyF,
buffaloguy1991,http://amzn.com/w/2U5SE9XPGU0ZX,
Rectumwarts00,http://www.amazon.com/gp/registry/wishlist/3TUDAKQ55BKVP/ref=cm,
SaraSevenfold,http://amzn.com/w/2WZE9NSHXE2HE,
newsdiva1389,http://smile.amazon.com/registry/wishlist/LRKLOMZ20UUG,
Kushalmehta08,http://amzn.in/3ZdTmk4,
BoscoBrown,http://a.co/3NYP15r,
bittersweetradio,http://www.amazon.com/gp/registry/wishlist/2JC7FE5SKA8IA/ref=na,
Oodles_of_noodles_,http://smile.amazon.com/gp/registry/wishlist/2WXI90RQSJS76,
China-Palace,http://www.amazon.com/registry/wishlist/SOZXP7H39ER4/ref=cm_sw_,
atrine,http://www.amazon.ca/registry/wishlist/1KYU8MMGW23E4/ref=cm_sw_,
SymphonyOfInsanity,http://www.amazon.com/gp/registry/wishlist/BS90CU829F1B/ref=cm_,
jimjamj,http://amzn.com/w/3U50W6S7VOTLH,
KitKatKnitter,http://a.co/9jpz8lR,
minal187,http://www.amazon.ca/registry/wishlist/2HT2LW29Y8RTZ/,
Bewaretwo,http://smile.amazon.com/registry/wishlist/1JT43GRI3XQAG,
ricctp6,http://a.co/j68eajm,
drakeflaem,http://www.amazon.com/registry/wishlist/3N7HDK9GTZRM7/ref=cm_sw,
kimplovely,http://www.amazon.com/gp/registry/wishlist/39JSS6SPQ234T/ref=cm,
Tommy666567,http://amzn.eu/gJSYsAu,
GeekDoesLife,http://amzn.eu/dZWYTCm,
Bluetiger811,http://amzn.eu/1XeWhjA,
Gui1tyspark,http://www.amazon.com/gp/registry/wishlist/3DYY1KX3QYERS/ref=cm,
Colieoh,http://www.amazon.com/gp/registry/wishlist/2GGUKRU7OGD30/ref=cm,
PimaPotato,http://a.co/4GAev1o,
LostGirl117,http://www.amazon.com/registry/wishlist/3BNVM4A0R3CTO,
foreverskylight,http://www.amazon.com/registry/wishlist/1SJX0QOV9RHS1,
pitakahlo,http://a.co/d69QE6t,
snowpuffs,http://amzn.eu/6bbw9o5,
Joanna0527,http://www.amazon.com/gp/registry/wishlist/3FSE2OVNVXF7F/ref=na,
shyethyme,http://www.amazon.ca/registry/wishlist/1P0MKTSGKLYK5,
ElegantZebra,http://www.amazon.com/registry/wishlist/M9QGNWBPNPC/ref=cm_sw_r,
themeteorites,http://www.amazon.com/registry/wishlist/3BBRCFGH8MGTX/ref=cm_sw,
stevebuscemiofficial,http://www.amazon.com/registry/wishlist/26V65B3RQRJ84,
SilverInTheMine,http://amzn.com/w/29ZS60H0HBW7L,
mskrystle,http://www.amazon.com/gp/registry/wishlist/1GP62JYS05VOS/ref=na,
Bigluce,http://www.amazon.co.uk/registry/wishlist/21YA2C9VHNCEG,
wdg10,http://www.amazon.com/registry/wishlist/3RYAUHQLJNC0M/ref=cm_sw,
evilnoodle84,http://www.amazon.co.uk/registry/wishlist/H3GIXY4VGQ4H/ref=cm_s,
Hiveykins,http://www.amazon.co.uk/registry/wishlist/HE4LNF5JF6R0/,
darkviper039,http://www.amazon.com/registry/wishlist/39HFP1HHME2OB/ref=cm_sw,
baccgirl,http://a.co/dy3IPIl,
ft-eoj,http://www.amazon.com/gp/registry/wishlist/374TKJ3814IVD,
veneaux,http://amzn.eu/eFy4VHE,
xfitsally,http://www.amazon.com/registry/wishlist/2ANEXS0SL7NJW/ref=cm_sw,
louwolf,http://amzn.eu/dU1pD7d,
sleepingshast,http://www.amazon.com/gp/registry/wishlist/23QS76U73DJ9T/ref=na,
wearlej,http://amzn.eu/dng3Y3a,
MrSquifler,http://amzn.eu/gIqYLcN,
kydashian,http://amzn.com/w/Z32NQCJ8GE6X,
Lettingthatshitgo,http://www.amazon.com/registry/wishlist/3EQ57C3PSV8S6/ref=cm_sw,
obviousdscretion,http://www.amazon.com/wishlist/1I9S1JF5Q7UKW/,
ChiChiBoobie,http://a.co/2D6dvFu,
adelgirl,http://a.co/gEYF9DG,
Scrooge-Jones,http://amzn.eu/3RiQTlV,
Kororimpa,http://amzn.eu/5niYiAJ,
Calamlikeabomb,http://www.amazon.co.uk/registry/baby/3SGR4ESHSRBL4,
AltruismAndCake,http://www.amazon.com/registry/wishlist/2016HRB5T4JA1,
WomanInAVan,http://amzn.eu/031eJqV,
#NAME?,http://smile.amazon.com/registry/wishlist/36WEM50ALGTU2,
vegas_popprincess,http://smile.amazon.com/registry/wishlist/T1ININLQ4FIM,
SatinUnicorn,http://smile.amazon.com/gp/registry/wishlist/TMATP0C68VMU/ref=n,
andyq9433,http://www.amazon.com/gp/registry/wishlist/JMWCRCYTO1PC/ref=nav,
TH3KARMACHARGER,http://smile.amazon.com/gp/registry/wishlist/2PTRO1W48QDRX/ref=,
sytyue,http://www.amazon.co.jp/gp/registry/wishlist/PG9ASIZPZ2A/ref=na,
Sansanvi,http://amzn.com/w/POY0Q4MARD9W,
olaade,http://www.amazon.com/registry/wishlist/2DYXSFR1QXFI8/ref=cm_sw_,
ManlyUnic0rn,http://www.amazon.it/gp/registry/wishlist/1I4725A2BO01F/ref=cm_,
DenyGFX,http://www.amazon.com/gp/registry/wishlist/37IY2WIBU8FY6/ref=cm,
Olav_Grey,http://www.amazon.ca/gp/registry/wishlist/OKVO8DDYFA21/ref=cm_w,
twisted_tk,http://smile.amazon.com/registry/wishlist/139MNSHJ3XWTX,
SodapopGatts,http://a.co/7NvFFm6,
badgers-n-daffodils,http://a.co/5XytHsW,
Jteph,http://amzn.eu/cJ98I9b,
prikulkarni,http://amzn.eu/4YqCXo0,
zoebroxx,http://www.amazon.co.uk/registry/wishlist/400ZRV4MM1UL,
ms_watermelon,http://smile.amazon.com/gp/registry/wishlist/1PRIFVR37HI6Z/,
savage1329,http://smile.amazon.com/gp/registry/wishlist/16PRWY2U6V93D,
JacksBleedingColon,http://smile.amazon.com/gp/registry/wishlist/11EDZHPXUFNAK/ref=cm_wl_li,
AntisocialOatmeal,http://a.co/2inBv1q,
termiteaward,http://a.co/1qKXGcy,
pumpkin-cat,http://amzn.eu/0S1pnS9,
narcicide,http:///www.amazon.com/gp/registry/wishlist/2QI76ZOE85NRR,
kukolsghost,http://amzn.eu/8jZnr5X,
Elijahs-Wood,http://www.amazon.com/gp/registry/wishlist/1LG7IUJC3TOBY/ref=na,
lazzysunflowerr,http://www.amazon.com/gp/registry/wishlist/3EXDFKAXY197V/ref=cm,
babyraspberry,http://www.amazon.com/gp/registry/wishlist/363LGWAQCDISR,
ElephantRLife,http://www.amazon.com/gp/registry/wishlist/2YIOAQ175B5UF/ref=na,
Stuffferz,http://amzn.eu/8a5N4ui,
jh6196,http://amzn.eu/gSKGso1,
dinosaurweasel,http://amzn.eu/14DRlZg,
girlwhow8d,http://www.amazon.com/gp/registry/wishlist/2JQWDCL79S87R/ref=cm,
Sonylicious,http://amzn.eu/hqg2TuE,
Harrywheeler_,http://amzn.eu/bxfDXEL,
inputmethod,http://www.amazon.com/registry/wishlist/1BKITN12IE4M6/ref=cm_sw,
chartreuselion,http://a.co/8iCtOLr,
uncaer9,http://www.amazon.de/registry/wishlist/3NOB5YDC19FX2,
94smitha,http://amzn.eu/d5Y4zvN,
pumpkin_cheesecake,http://www.amazon.ca/registry/wishlist/12NWKN8HTN691,
MrTwo-Face,http://amzn.com/w/3KPUHLXF3VFIJ,
TheCivilPsycho,http://amzn.com/w/3KPUHLXF3VFIJ,
BlenlyGetsFit,http://amzn.eu/arrf3qo,
_Anna_Mosity,http://amzn.to/2kIXIHS,
gunnyganatra,http://www.amazon.de/registry/wishlist/2ZH6SF1VJCR37/ref=cm_sw_,
popbobtai,http://a.co/3NnQD9Q,
Captain-Nemo,http://smile.amazon.com/gp/registry/wishlist/3AWKGVH1120IU,
poloxamer,http://www.amazon.com/gp/registry/wishlist/2TL69S0WDKX2J/ref=na,
karossii,http://smile.amazon.com/gp/registry/wishlist/N7ZJP150IE10/ref=c,
caniuserthisname,http://www.amazon.co.uk/registry/wishlist/3ICFXQ8QJPUAJ/ref=cm_,
lilfruini,http://www.amazon.com/gp/registry/giftlist/GWK6X8C7A73Z/,
OdoWanKenobi,http://smile.amazon.com/gp/registry/wishlist/YF3QFJ4Y84C7/ref=n,
Catterflies,http://www.amazon.com/gp/registry/wishlist/3GB8RPEPKRILO/ref=na,
bayouekko,http://www.amazon.com/registry/wishlist/P9IJB3MA0HNM/ref=cm_sw_,
Adiboochoo,http://www.amazon.co.uk/registry/wishlist/3UA4F8VQBIN7Q,
omeganemesis28,http://www.amazon.com/registry/wishlist/2X2Q5N94JCGOK,
IAmA_Wolf,http://www.amazon.com/gp/registry/wishlist/3T9D0ZLLDHT0O,
officiallipgallagher,http://smile.amazon.com/registry/wishlist/3J5UQ7F7PUGXP/,
used2bgood,http://smile.amazon.com/gp/registry/wishlist/?ie=UTF8&amp;cid=A1TE1,
ow-mylife,http://a.co/9LUnpK5,
shlupieus,http://a.co/cloWCfX,
yeahbatman,http://a.co/2Ti51Uu,
mad_zamboni,http://a.co/csI3Ii3,
FelidaeFae,http://a.co/eDRC45p,
donegallite,http://a.co/5gU67Le,
GMD0301,http://a.co/esRYTLh,
pamitata,http://a.co/0k0mkMQ,
claricia,http://a.co/9AZfqhp,
LadyAmpersand,http://a.co/bOHyy27,
tali214,http://a.co/1BrF2sg,
Fuzzygumdrop,http://a.co/0buXdoA,
Lainnnn,http://a.co/3PaX1hb,
AroseRisen,http://a.co/aQGo8ZY,
Castiel_the_Angel,http://a.co/1gFR7Xg,
Wombat81,http://a.co/h1tHlxv,
VolcanicMeerkat,http://a.co/domFVxl,
3zero1ne,http://a.co/8DDgvUG,
giga-butt,http://a.co/gphry6y,
dzzi,http://a.co/i8639T5,
AmericanRuin,http://a.co/36VkWgy,
InfernalCoconut,http://a.co/geFioov,
Jonesno11,http://a.co/7UuwRGR,
propertyofmycat,http://a.co/iGlE2eB,
sturdynerdybirdie,http://a.co/8xIbmKj,
darkorical,http://a.co/99OJqrw,
COSMICmist,http://a.co/1sUlyFm,
MadameMaxime,http://a.co/6RQzyrN,
Pghtoad412,http://a.co/jcRFevv,
UNLUCK3,http://a.co/80U3iA4,
kyriedonovan,http://a.co/86NyEdj,
cubeisbetter,http://a.co/174gkZt,
creepykirk,http://a.co/88UIy6I,
kiizzababy,http://a.co/io4FQId,
MrFizzles,http://a.co/ecH3E3W,
GML2017,http://a.co/aFqWCS4,
crrrenee,http://a.co/gYIMgrr,
Cruxling,http://a.co/ilNPaqx,
thedisenchantedpony,http://a.co/b1cEWYQ,
watchitexplode,http://a.co/7Tspvut,
Jiddybit,http://a.co/180cGax,
icycherry,http://a.co/1ptgFzp,
fumonmycace,http://a.co/duWlXIO,
hatefulbitches,http://www.amazon.com/gp/registry/wishlist/101QVRF00Y4TH/ref=cm,
NerdyBirdyx,http://a.co/5E0ZYBr,
Agentcocotte,http://a.co/fOaSz9b,
AimeeMarieCherie,http://a.co/itiM7mt,
-ksguy-,http://a.co/5BI56V8,
Laprasrides,http://a.co/0G7BbXS,
txmoonpie1,http://a.co/6waGduv,
ABoxOfPencils,http://amzn.in/bH8rjlc,
kjtstl,http://a.co/bCPOhq9,
Freakazoid444,http://a.co/5WOkNnH,
Supercatgirl,http://a.co/3Y3kAAs,
lashyy,http://a.co/4CopcXn,
BlakeHRS,http://a.co/6G1XEPo,
Destins_Destiny,http://www.amazon.com/gp/registry/wishlist/2JFXFBX2NN9U9/ref=cm,
Ershley,http://a.co/1NUAUKF,
medula-onlongata,http://a.co/drfKqUo,
hotcheetos0489,http://a.co/iqsOsb1,
supermariobras,http://a.co/drSZMAB,
Marine915,http://a.co/7KWo251,
WorkThreadGazer,http://a.co/fuIIb1H,
ironysparkles,http://a.co/2lv2KUL,
Nia04,http://smile.amazon.com/gp/registry/wishlist/1T603R0VZXF2Z/ref=,
wolfykinns,http://a.co/6exMavl,
cinderflight,http://a.co/h6Du1vw,
misuzu_solo,http://www.amazon.co.uk/registry/wishlist/32IDLUX5PKMF5/ref=cm_,
Miss-E-xo,http://a.co/iccl5dC,
DovakiinBF3FTW,http://a.co/1LKj8xL,
tootshores,http://a.co/cXC9rUk,
SimplyAvocado,http://a.co/3gex48D,
fukinell,http://a.co/hspCMO4,
Amecha,http://a.co/e8izZMI,
fernxqueen,http://a.co/1eSWnlN,
Mafiya_chlenom_K,http://a.co/6AP3R2z,
Ellytry2besweet4me,http://a.co/73vzzFV,
Ivyson1,http://a.co/gYsX9VY,
Jmcarter80,http://a.co/5LBKwIo,
GMan85,http://a.co/6bxCO5K,
BeachJas,http://a.co/6xYlbJM,
DOA,http://a.co/4UxosHz,
Cat-UnicornHybrid,http://a.co/61VRmpF,
canwejustno,http://a.co/iVJN4aB,
_ijustliketoread_,http://a.co/5G4cjGb,
NitroMuffin,http://a.co/89QsELv,
GreatGooglyMoogly55,http://a.co/iRIvRhE,
Nextstarover,http://a.co/0UqrH4T,
winchesterian,http://a.co/44wD77p,
NapNeeded,http://www.amazon.co.uk/registry/wishlist/3LS0Z0B7EYP67,
sneakyawe,http://a.co/aqmw5uY,
whatathymeitwas,http://a.co/hqjVkyK,
SatanicGopher,http://www.amazon.com/gp/registry/wishlist/23YFG25KSNSBU/ref=cm,
Leestons,http://amzn.eu/8QlJUfk,
Blues574,http://a.co/1oszFf6,
Alchoholocaustic,http://a.co/2cxtL8v,
rd_anh,http://a.co/8fYVTKV,
megameg,http://a.co/gqmlsg4,
Daughter_Of_Coul,http://a.co/eHogD2T,
MortallyHolyRunaway,http://a.co/32bzGpL,
Bishop_Kingsbury,http://a.co/3BTf4hZ,
perfectwitness,http://a.co/fjiIsja,
Wadoowadoo,http://a.co/9V2ggsd,
pizzaboy192,http://amzn.com/w/1AGCPMREND3IR,
Yokuo,http://amzn.com/w/3C6IL92A1SFOR,
NeverPostsJustLurks,http://amzn.com/w/2NW61ZCIXTODE,
NJBilbo,http://a.co/bZat5M5,
Durithill,http://a.co/eEOlII0,
Eabryt,http://amzn.com/w/TAQLKA9ROSQ2,
P0rtable_Panda,http://www.amazon.co.uk/registry/wishlist/3TSHBF3ZCE5I6,
Recycle0rdie,http://a.co/6hewUqW,
desertdigger,http://amzn.com/w/1WW1JWLBNJCWJ,
KaNikki,http://www.amazon.com/gp/registry/wishlist/31EGTHN114WIB/ref=cm_,
autumnfalln,http://a.co/7HIT6vB,
cstuekey87,http://www.amazon.com/registry/wishlist/3U8TYHP04XIKC,
Jenwith1N,http://smile.amazon.com/gp/registry/wishlist/22Y0VPCFWNX6X,
elpese,http://amzn.com/w/ZV4RUSKXH0Y9,
Spiritimvu,http://www.amazon.co.uk/registry/wishlist/1H3J6ZA5EGNPF,
rosecrayons,http://amzn.com/w/3SYIVDAY3F04U,
Blackmaille,http://www.amazon.ca/registry/wishlist/22H61FW1MWSFH,
relish1922,http://amzn.com/w/N9C349SABZ8H,
UMKcentersnare,http://amzn.com/w/2FUI6DOSV5P2T,
BQJJ,http://a.co/4lTSoBT,
pummelo4l,http://a.co/dqoHNcg,
author124,http://a.co/1t8cQaA,
TacticalJok3r,http://amzn.com/w/3RJAQK80R6862,
killajay41889,http://smile.amazon.com/registry/wishlist/25YNT2D39W0PT,
konamiko,http://a.co/cQmVlZ4,
twiztdfred,http://amzn.com/w/2823T1SY1EWSR,
VeganMinecraft,http://amzn.com/w/TZF4MX6OHPD9,
Dracoprimus,http://amzn.com/w/IJ0DU3DRZ37S,
ChiefMcClane,http://a.co/8WXpvh2,
KTcube,http://amzn.com/w/25G7TB8OQ7GXK,
doombubble,http://a.co/9ag85Gb,
hazelowl,http://amzn.com/w/2BMRXWV78HKKP,
Herdnerfer,http://amzn.com/w/2U1VSWJ6TR9OE,
omegah,http://amzn.com/w/RG1SG1JOIATX,
Ajoeee,http://amzn.com/w/2NQP20AINABRY,
misshannah0106,http://amzn.com/w/3UXXHJLRYEH50,
Archeia,http://a.co/8KU329T,
GeneralRose,http://amzn.com/w/244PC85DCGBH0,
steffx,http://www.amazon.co.uk/gp/registry/wishlist/1443BZK8F1FDO/,
Nightsaber,http://www.amazon.com/registry/wishlist/YESTBZSK0727/ref=cm_wl_a,
Meowsquirrel,http://amzn.com/w/7FA0OVIR8Y5X,
Felonia,http://amzn.com/w/1KSP398JMLXL5,
MsZombiePuncher,http://amzn.com/w/C1H0R1Y3VCL,
rrirk,http://amzn.com/w/1SEDJQ38FHYTY,
pinkmagedon,http://smile.amazon.com/registry/wishlist/2ZPOU1GH8NFDX,
wmeacham,http://amzn.com/w/29KPKPEQIVTJI,
moxiousmissy,http://smile.amazon.com/registry/wishlist/106OZUZVU5A19,
2souless,http://amzn.com/w/1TXT7ADV3OFZM,
Meewah,http://amzn.com/w/F530BEM801ZK,
InsaneTomato95,http://a.co/7B1zreb,
billium12,http://www.amazon.com/registry/wishlist/2Y6572W8N4M4R/ref=cm_wl_,
dreadfulpennies,http://a.co/eO6DRye,
facedown41,http://a.co/2f8PHwf,
Nam-Ereh-Won,http://amzn.com/w/HPIIH0CX1AS0,
alamanderz,http://amzn.com/w/2PKHFO192OSAN,
Arimer,http://amzn.com/w/JVGZWK173LFF,
thedefinitionofidiot,http://amzn.com/w/24SQMSQL87ICJ,
Vanzai,http://a.co/9Q6L7IS,
OpenFusili,http://amzn.com/w/1X3J96S8ETDVA,
StyxKitten,http://amzn.com/w/1X6BWJKP9NAF2,
kittynaed,http://a.co/hNzJT2P,
hope2786,http://amzn.com/w/3RX1HO9KW8J2F,
dcatalyst,http://smile.amazon.com/gp/registry/wishlist/3Q2B5UMI6L7TB/,
autumnwake,http://amzn.com/w/207G28HE9AC4E,
AnotherRandomPervert,http://amzn.com/w/1JUBW0HM91RCI,
Idle-Hands-,http://www.amazon.co.uk/registry/wishlist/2KCAOPSY3VTLK,
nononononooooo,http://amzn.com/w/1BN23BEFM3KX1,
CapnAngie,http://www.amazon.com/registry/wishlist/3ER4P5JTEVLYB,
Shekh_ma_shieraki_an,http://amzn.com/w/2KD89VSBTIGOJ,
frecklesandmimosas,http://a.co/aJpNFnn,
CreamPieSatan,http://a.co/hxEdnt2,
babeasaurus,http://amzn.com/w/3PK1J83RRUVTY,
tygrshel,http://smile.amazon.com/registry/wishlist/1O7XWWY1R0PUZ,
stoboe,http://amzn.com/w/3PRT5P663PTNU,
ahmadmanga,http://amzn.com/w/355VCZ91KISZ2,
MalvinaV,http://amzn.com/w/WWI4LD5FYY4T,
tinygoatlings,http://amzn.com/w/2NKK3EB3EZ4YR,
KittenBoheme,http://smile.amazon.com/registry/wishlist/24XERN8ELLBD4,
PrincessHeidi,http://amzn.eu/4YXHRuF,
zombiesunflower,http://amzn.com/w/3GJ6EAA23903J,
MonkeyHouse,http://amzn.com/w/1S9HD4VQXXYVA,
Zorpix,http://amzn.com/w/2NEA84XGFPHER,
mroberts092,http://amzn.com/w/8LQRAMR007MF,
phil035,http://www.amazon.co.uk/registry/wishlist/3SF9YTHSY36NG,
blushing_fae,http://amzn.eu/6a6Jt8K,
randomking0x70,http://amzn.com/w/3P6K9A6KH0QCX,
CapriT,http://smile.amazon.com/registry/wishlist/G0FSKWSX3K45,
eks91,http://amzn.com/w/2SQ18TYNTBU2V,
frequencity,http://amzn.com/w/2X6QFLJTBWORZ,
Handbag1992,http://amazon.co.uk/registry/wishlist/3HLDPW24KH0ZP,
IDrawRandomActs,http://a.co/gcmMvq2,
henrebotha,http://amzn.com/w/3ABWXFSG0BCLA,
DrunkBotanist,http://a.co/4Lm5KFT,
optogirl,http://www.amazon.com/gp/registry/wishlist/2L81DD6F4E3FL/ref=cm,
Ribenadrinker,http://www.amazon.co.uk/registry/wishlist/GXJE4NQI5MI9,
meoquanee,http://amzn.com/w/14WP54T8XNUEC,
g-g-g-g-ghost,http://amzn.com/w/3D9MSQD94OGOF,
Kalelissuperman,http://amzn.com/w/647QST3GJV8F,
mintyduck,http://smile.amazon.com/registry/wishlist/34V8R7973QNKT,
Bugabooty,http://a.co/dZaZbCS,
MuffinPuff,http://amzn.com/w/1BB9DEO32EZ2D,
K-Wolfe,http://a.co/bC5PAgF,
VexingVendibles,http://smile.amazon.com/registry/wishlist/3LYL1YMMOFF2Q,
HSuits,http://amzn.com/w/1HW3CVPRAPC4G,
Juicebox409,http://amzn.com/w/2AT0YZTJ6YYBO,
NetWt4Lbs,http://www.amazon.com/gp/registry/wishlist/19XMXPTLRHYJW/ref=cm,
book-bunny,http://amzn.to/29TGJOn,
strykersulak,http://amzn.com/w/3LLOXP42WH6XR,
SorenNiko,http://a.co/aMUGVRn,
ellynmeh,http://amzn.com/w/231U0C82JW3BJ,
EllaCOfficial,http://amzn.to/2tUSkTW,
justinwoulard,http://amzn.com/w/13ZOZ2X0LIG0K,
trickster2008,http://smile.amazon.com/registry/wishlist/322A215EOLNW7,
Iampengu,http://amzn.com/w/2AU17UEBWZ8UU,
wraithstrike,http://amzn.com/w/36MCQW1TVQU9F,
PastelMagicalGirl,http://a.co/frt0r9O,
SugarPixel,http://amzn.com/w/3TA9M5E1AMTY,
ffj_,http://www.amazon.com/gp/registry/wishlist/31CVOFO2Z3B6O/ref=cm,
i-suspect-nargles,http://www.amazon.co.uk/registry/wishlist/FNDK6W1VKCEC,
MadiasHell,http://smile.amazon.com/registry/wishlist/2SB8V9AMGOZPL,
leocadio4,http://amzn.com/w/244ZD62HD5N4U,
rockstarima,http://a.co/5DdEWke,
SparklePurpleCactus,http://a.co/dbyo5DJ,
FrankensteinVi,http://a.co/evOrdm1,
JoanofStretchmarc,http://a.co/f06nx0p,
randompocky,http://smile.amazon.com/registry/wishlist/1ZXNNI3103PAO,
d0m056,http://www.amazon.ca/registry/wishlist/1CDJENG75MMY9,
rabbita,http://amzn.com/w/2IK2MRUI6X6CL,
YoshiSparkle,http://smile.amazon.com/gp/registry/wishlist/20KYJN8XH8MI3,
UnAuthorize,http://a.co/i5xsSfY,
birdladymelia,http://amzn.com/w/1FBBC4TBBA324,
isaiahexe,http://amzn.com/w/3UZ21ITJJCXRX,
Baylorbelle,http://amzn.com/w/P99ALEK6NXZ0,
camelemoji,http://amzn.com/w/FYH8JJK0OL8H,
samsta555,http://amzn.com/w/3TIAYUIDHBFOX,
nytetears,http://amzn.com/w/3REZJ8Q3D2CVT,
upsidedownintj,http://smile.amazon.com/gp/registry/wishlist/1KS56XTYU0DZR/ref=,
Blueberry49,http://a.co/26R8MQm,
ndurgun,http://a.co/aAB0Y3k,
JeruDD,http://www.amazon.de/registry/wishlist/1BKNX7EPLM7VX/ref=cm_sw_r,
Everlastingwishes,http://www.amazon.com/registry/wishlist/3KE5XNC6KXQZH,
Mattybmate,http://amzn.eu/boWsSmW,
jessdb19,http://a.co/1LezCkP,
droppedinthedeepend,http://a.co/aoy98DG,
ReticulateLemur,http://a.co/2xZiRVT,
kissmyasthma99-99,http://a.co/2exTWAT,
asutch12,http://www.amazon.com/registry/wishlist/19FJC41W3ZSTD,
oldmanfiend,http://www.amazon.com/gp/registry/wishlist/26XI6036Q89WI/ref=na,
rilekit,http://a.co/bZqlGDR,
Cyanidesuicideml,http://a.co/gXvTYiV,
JackCloudie,http://a.co/9Gpqjzr,
revolution486,http://a.co/asEqyWb,
BurnAccount1974,http://www.amazon.com/gp/registry/wishlist/11ILKGA7WI1WY/ref=na,
wecouldbeimmortals,http://a.co/aGYscUo,
KatsMeyow,http://a.co/1lqxdTc,
GRswim10,http://a.co/1PWxsqc,
carlin2345,http://www.amazon.com/gp/registry/wishlist/DJZY4QAH6SJ7/ref=cm_,
tierrexx,http://a.co/4VOOC1q,
Danielledaydreamer1,http://smile.amazon.com/gp/registry/wishlist/2TQE3X3Z68GHQ/ref=,
drproximo,http://a.co/cMie1dF,
coffeebugtravels,http://amzn.to/2ouweW0,
swanniebear,http://a.co/0nDD0xA,
JRPGNATION,http://a.co/5J9Cp6E,
Kite_Moonwall,http://a.co/ilNPaqx,
Savascha,http://amzn.eu/iCsiMDq,
verissey,http://a.co/hDVRUdb,
The_Quantum_Moose,http://a.co/5AdfIdr,
stefani187,http://a.co/c369vnH,
abby080798,http://a.co/eNtrLom,
247naptime,http://www.amazon.com/gp/registry/wishlist/2K2WL5UZKKDGD/ref=cm,
transemacabre,http://smile.amazon.com/gp/registry/wishlist/3A80VTVQFRY28/ref=,
Candicehxo,http://a.co/fijT7FX,
MissPerry,http://a.co/gx0G4P1,
ninehundredways,http://a.co/4KyVL0O,
anaesthetic,http://a.co/6DsscGX,
Kandydish,http://a.co/8QE1h7x,
Chain-smokers,http://www.amazon.co.uk/registry/wishlist/3D6BDP7FPF3HF,
DaRoyalJester,http://a.co/i92Y3sC,
ReapeRx124,http://a.co/1eo7ws5,
Mrs_partyrocq,http://www.amazon.ca/gp/registry/wishlist/2PYMS4VD9NGW5/ref=cm_,
HuggingTheJellyfish,http://www.amazon.com/registry/wishlist/125ER6R1GDSU,
Whoop314,http://smile.amazon.com/gp/registry/wishlist/2WNIJK0DD2BSZ/ref=,
Kerackers,http://a.co/aAt9lBN,
sasaelle,http://amzn.eu/dehTLdP,
ThePrince_OfWhales,http://www.amazon.com/gp/registry/wishlist/2F7RQEDF4R846/ref=na,
Fiddlestix22,http://a.co/4IIypI4,
michiruwater,http://a.co/eQEU7PW,
salmananees,http://www.amazon.com/gp/registry/wishlist/130CTJI7CX2U4,
WeedWidaMacka,http://a.co/fu4i8Ce,
laulluke,http://amzn.eu/4fffJmf,
BoiseState7,http://a.co/1gAEuJY,
Apocalypsze,http://a.co/0RRsdZS,
taylorbobalor420,http://a.co/iQUDrOO,
thriftymargo,http://a.co/ce6x92g,
SenseiCooper,http://www.amazon.de/registry/wishlist/ZD2HH9BZJSXU/ref=cm_sw_e,
Phantom-viper,http://a.co/j1KzzeK,
Dispand,http://a.co/iJTokwU,
Bazinga313,http://a.co/2HvE4he,
WhatIsAccent,http://a.co/g4kqwdF,
AuberonFinn,http://a.co/dCBZwE6,
xolrumi,http://a.co/2Sa6wX0,
puppiespuppyspuppies,http://a.co/j4cH1Hi,
REW0702,http://a.co/1fhOimk,
ex-spiravit,http://www.amazon.com/gp/registry/wishlist/ICQQUB65O5S1/ref=cm_,
kaetia,http://a.co/dWn68hH,
giraffeluv,http://a.co/e1ltQRR,
PappaOrangutan,http://a.co/gZZxb8g,
_kristina,http://a.co/5aSJNJ7,
Paradox_Artemis,http://a.co/7qrOSnk,
lazydaisystitcher,http://www.amazon.com/registry/wishlist/3EIJ38IK80ELS,
shrinktastic,http://a.co/7MfYIR2,
Kisitiene,http://a.co/4murZpX,
kcasp,http://a.co/d5awzre,
AwkwardRainbow,http://www.amazon.com/gp/registry/wishlist/39UQGU4VDCNCR/ref=na,
totallypandacoffee,http://a.co/68ni1BJ,
QuickWittedSlowpoke,http://a.co/1vYXoFP,
Crockpotbob,http://a.co/8cCh4X7,
tardiswolf,http://a.co/bx3TYiZ,
BloodyStigmata,http://a.co/g6xKkhE,
imactuallynina,http://a.co/7LL1FeA,
themedicduck,http://a.co/2XrBPxK,
Land-Stander,http://a.co/bdYiAEW,
Letonoda,http://smile.amazon.com/gp/registry/wishlist/2G5IIZ3XM1D4/ref=c,
XvOnEvX,http://smile.amazon.com/hz/wishlist/ls/2JGBK5F7UQ6TT,
stellaby,http://a.co/2hIGFds,
Biiou,http://a.co/g5MnaBY,
lean_machim,http://a.co/2yKgzqD,
nancydrewskillz,http://a.co/9gaHL6L,
Sanomaly_,http://a.co/iCmoNzl,
thealmightykatt,http://a.co/7VsEzW5,
JamieAMSullivan,http://a.co/bTRgguM,
rave1432,http://a.co/19FbvLj,
fillyourselfwithgold,http://amzn.eu/9eJm0pG,
totesvaguish,http://a.co/abGObud,
Rex0101,http://a.co/1LZlG4T,
Thisusernameisdope,http://a.co/5rwAEs9,
trashontoast,http://a.co/0qUZKXI,
red_death_at_614,http://a.co/6OChVJv,
EvanatorT800,http://www.amazon.com/registry/wishlis,
RiseUP21,http://a.co/b20EZde,
afloodbehind,http://amzn.eu/eJVRW6W,
mr-photo,http://a.co/cN87Vr9,
Privilegedwhitebitch,http://a.co/g8H1bN4,
Mike-3D-Animator,http://amzn.eu/5EMnL7m,
cezzatron,http://amzn.eu/iarFESd,
jasonamonroe,http://a.co/aoel1nA,
Sebxlo,http://www.amazon.co.uk/gp/registry/wishlist/1763JVZSJQALT/ref=,
mrfilbert,http://a.co/3Nye8SU,
rumbleberrypie,http://a.co/79tVCc1,
InThisHouse19,http://a.co/11tkXwe,
bec-t99,http://amzn.eu/aE5mmAv,
d1nos0r,http://a.co/icLzhV1,
cherchezlafemmed,http://a.co/cciHl1S,
lolly_lag,http://a.co/1qbXtGk,
Unfortunate_Dildo,http://a.co/gficEpN,
unedant,http://www.amazon.co.uk/registry/wishlist/3QAPLCMKQPTOT/ref=cm_,
diligence_is_key,http://amzn.asia/jfJ3oWe,
arizzles,http://a.co/4iAp5BN,
SkySeaSkySeaaaa,http://a.co/7X9qAej,
HieixKillua,http://a.co/iJJW7Rh,
pm_me_your_SPECIALs,http://a.co/aDkxvW3,
kuailong,http://a.co/8wn6Nbf,
PlatinumAmphibian,http://a.co/2lpEkk7,
morgan_mayhem,http://a.co/11MuzIX,
electrictitfluff,http://www.amazon.co.uk/gp/registry/wishlist/3DF6MRIG9XZVH,
insouciantelle,http://www.amazon.com/registry/wishlist/2G5K3ESGTTXVG,
lovelyxosunshine,http://www.amazon.com/registry/wishlist/1JQLHX7JELD5J/ref=cm_sw,
shemms,http://a.co/7iw9Oom,
AA0X,http://a.co/2cCvr5p,
kingfishersam,http://a.co/ds6bua5,
louisxfuton,http://a.co/e9oUJzs,
BendersMom,http://a.co/2DDhYEX,
cmantra,http://a.co/1ZikwA0,
one_hotmess,http://a.co/0UNE679,
scrapcats,http://a.co/3M5qMd9,
Fuxkily,http://a.co/i4ZjaRg,
nfh__,http://www.amazon.com/registry/wishlist/2LMKAGAX1J0HJ,
ThePorcupineWizard,http://a.co/fflZhx6,
Milkarium,http://a.co/eq0rfoN,
eekabee,http://a.co/dWK314N,
illusivesamurai,http://a.co/i6VaRim,
kindoldtree,http://a.co/cylq2Xc,
unbirthdayhatter,http://a.co/deP5LW2,
CarterLawler,http://a.co/56j7TX6,
yeahbutitspretty,http://www.amazon.co.uk/registry/wishlist/3KGKEDUD81ILK,
chrisrb93,http://a.co/jdcKnyW,
scribblebug,http://a.co/gAuD6TT,
boatiemcboat,http://a.co/bJeTXQ9,
redd1tr1dingh00d,http://a.co/4tlhkJ6,
Andimichelle13,http://a.co/51y0w3T,
embersue,http://a.co/2WsBxuN,
tealhena,http://a.co/iyG5Ehr,
summersperi,http://amzn.in/hBX9YYY,
datotherdude,http://a.co/92NXMkd,
tikiyadenola,http://a.co/dHVyOD7,
stikkysaladtongs,http://a.co/386Taoc,
M-JdotJ,http://a.co/7IIQtTd,
yunolikemem8,http://amzn.eu/dvEX8bn,
EFCFrost,http://a.co/7Z0NCET,
xxlemonchan,http://a.co/gZgTSRA,
FiveFourThreeNoseOne,http://a.co/8T2YA11,
Taboada12,http://a.co/46WXLJV,
suomynonAx,http://a.co/dH5XouB,
ikeyzone,http://amzn.eu/3NFmLQh,
Shortelle,http://a.co/gykVABW,
elixan,http://a.co/hzf8isl,
CamoAndCrowns,http://a.co/7K31D0v,
jellirollo,http://a.co/4xiS0dt,
thatgirlisaproblem,http://www.amazon.com/hz/wishlist/ls/39YLW493MCCWX,
HasALittleFaith,http://a.co/2tquana,
Vienaragis90,http://a.co/h96OevA,
GenghisTron333,http://a.co/d1XgObT,
mycello,http://a.co/36HAnIa,
qmracer01,http://a.co/9R6MGxE,
Psychovore,http://a.co/4AFbP4Y,
Squishee-Face,http://www.amazon.co.uk/gp/registry/wishlist/RJXIGUFPO4OX/ref=c,
LucyGoosey5,http://a.co/3iiZy9s,
Clquigs,http://a.co/2AVMT9g,
Lord0fTheHarem,http://www.amazon.com/hz/wishlist/ls/37IY2WIBU8FY6?&amp;sort=defaul,
skekVex,http://a.co/9ksbaaR,
MadgePadge,http://a.co/ioYpCT8,
Travis100,http://a.co/1VvPQBp,
ABNDT,http://a.co/bDtjc9Y,
hyrulerofcanada,http://a.co/89aZgkZ,
iloverickmoranis,http://a.co/3upQjbd,
daijoubudayo,http://a.co/8aT2T7s,
epion-viragos,http://a.co/9p0nRkv,
melvinismad,http://a.co/h9vmjp0,
minisixx,http://www.amazon.co.uk/registry/wishlist/11NJCWE4K38O,
Tramiiepoo,http://a.co/gync22N,
idene,http://a.co/d2pDLha,
linzal87,http://amzn.eu/eDXcpT3,
yaanchan,http://a.co/cNowa25,
ntmyrealacct,http://a.co/5u4n9JL,
devilpuppy,http://ttp://a.co/8NrsDbD,
HearingSword,http://amzn.eu/7QCPWMW,
Wackydude1234,http://www.amazon.co.uk/registry/wishlist/5FEAJAIDM10J,
Emicarn,http://a.co/fTl4scs,
larastro,http://amzn.eu/0VTN3tg,
Chihuahua_enthusiast,http://a.co/c53uO7I,
IRunLikeGoku,http://a.co/9bn4dkL,
me_and_jd,http://amzn.eu/7EbrqKs,
_welcomehome_,http://a.co/gOO6SS9,
goldengraaam,http://a.co/0yJ5CkW,
definitelydes1,http://a.co/3DAElrJ,
Omar_93,http://www.amazon.com/gp/aw/ls/?ie=UTF8&amp;lid=2C9JD61L2BS9X,
nedstrom,http://www.amazon.com/registry/wishlist/2BEWR81580R25,
greyboy87,http://a.co/anA9JsH,
Bug_Hugger,http://amzn.eu/7NrBHMc,
emilelele,http://a.co/0jwjdne,
weirdpancake,http://a.co/5LmJ0Qq,
Myspacecutie69,http://amzn.com/w/1TSCT29YMY28X,
corpsey_,http://a.co/38Pf1ha,
AT1990,http://a.co/72mZKAh,
Accurchet,http://a.co/61DLa10,
Bisut,http://a.co/jk8bexG,
AmiMizuno27,http://a.co/aVMHL7O,
Dia-the-Novakid,http://amzn.eu/6M9u4sO,
DarkInanna,http://a.co/3uAygMx,
Anam_Cara,http://www.amazon.com/registry/wishlist/37QOYAI1CT0V,
kellypryde,http://a.co/dLDl1HQ,
CanadianGamer001,http://a.co/84getVX,
rabidproblemdog,http://a.co/5ZJwbvM,
Buffy2017,http://a.co/a36PFjj,
JayhawkColby,http://a.co/i93dOFB,
Seobooty,http://a.co/3ci5Rr9,
ladysilarial,http://a.co/cqsrMhH,
1_XP_Wasted,http://a.co/8mop7c1,
breaksyourheart,http://amzn.eu/8owuWJv,
cuppycake10-4,http://a.co/hTR8Nko,
Charleafy,http://amzn.eu/gzqlYu9,
mulan3237,http://a.co/ewC4uCp,
brassmonkeyslc,http://a.co/5Btrtlt,
kelsygram,http://a.co/glS0mpR,
maloner1,http://www.amazon.com/gp/registry/wishlist/Z4URIOXAAHEB,
bizarregospel,http://a.co/1is7knS,
TheCaptainIsHere,http://www.amazon.com/gp/registry/wishlist/YDCQW13IJBFQ,
incumbent,http://a.co/etvD7mt,
danimarie72,http://a.co/6rYEn43,
Miss_LJ,http://amzn.eu/c8brDap,
ZombiesInMyGarden,http://a.co/3IzgxcI,
RagdollMankind,http://a.co/5gmooFP,
renlotus,http://a.co/4jctAsn,
SierraScott910,http://www.amazon.com/gp/registry/wishlist/3KNI4N0VN2FS4,
irlgarbodor,http://www.amazon.com/gp/registry/wishlist/2SYA0C7WD073Q/ref=na,
cristenen,http://a.co/8W1bGm3,
BoldnBrashes,http://a.co/1DMfO2f,
ASilverSpartan,http://a.co/iVVslXy,
Tiny-Senpai,http://www.amazon.com/hz/wishlist/ls/3MGOKU5Y9PIJ7?&amp;sort=defaul,
Jephimykes,http://a.co/g787k2p,
KaeAlexandria,http://a.co/bnQPoV8,
Anastasia_23,http://a.co/6izsYCX,
thepearloather,http://amzn.eu/fn2MTKT,
AtrocityXhibition,http://a.co/54k8k7v,
k3rizz3k,http://www.amazon.com/registry/wishlist/195GTHDY5PPN4,
hemlockdalise,http://www.amazon.co.uk/gp/registry/wishlist/V7BEXZEAJKMT/,
samanthapwnsall,http://a.co/3VWszOL,
TandT89,http://a.co/1GpAD93,
Jumbo_Cactaur,http://a.co/dPCY1wi,
wonderb0lt,http://www.amazon.de/registry/wishlist/2UFW122P0WGMD,
RaptorGoRawr,http://amzn.com/w/V0FYBUOB9V6P,
PaulFTW87,http://www.amazon.com/registry/wishlist/1L4LBGOGBWGO8/ref=cm_sw,
MicCheckTapTapTap,http://a.co/4Tx2RxV,
laurenuniverse,http://a.co/9YjWDsP,
BroghanTaylor,http://a.co/c13pk6l,
myke113,http://a.co/2YM7ili,
koila_,http://a.co/8Tq9ULK,
Zockman175,http://a.co/bdS7Bpc,
BigBadJimmie,http://www.amazon.com/registry/wishlist/O8KXH5ZNM1KN,
TheIndiglo,http://a.co/b1FbbAy,
Jaime918,http://www.amazon.com/registry/wishlist/CVUWSFYDU922/ref=cm_sw_,
Peaceandloveonearth,http://a.co/5SF6eeY,
Jedi-Guy,http://a.co/aMmpTsu,
k1ngm3,http://a.co/7Jks62A,
Babycrazy96,http://a.co/iYJaHY9,
Misanthrokarmic,http://a.co/9Z96nyY,
annabanda,http://a.co/dr9Mi5Y,
agreatperhapswaits,http://a.co/0OBsyzh,
majestic_cats,http://a.co/17Ho63Q,
bkk291,http://a.co/28QQy19,
IGiveDumbCompliments,http://www.amazon.com/registry/wishlist/1C9WLUG01UCDZ,
